,issue_size,ask,price_band,LB,UP,name, ,gmp,gmp,subscribed,,IPO Price,Price Band,Issue Size,Issue Type,Open,Close,Listingprice,ListingGain,Listing Date,CMP,Current Return
0,The issue size of the IPO is1100 Cr.,1100,The price band for P N Gadgil Jewellers IPO (PNG Jewellers IPO) isRs 456 to Rs 480.,456,480,The shares of P N Gadgil Jewellers IPO (PNG Jewellers IPO) will list on17th September 2024.,P N Gadgil Jewellers,The latest tentativeGMPof P N Gadgil Jewellers IPO (PNG Jewellers IPO) isRs 330.,330,The shares of P N Gadgil Jewellers IPO (PNG Jewellers IPO) are subscribed59.41 Timesas of 12th September 2024.,59.41,480,456 - 480,1100Cr.,Book Built,10/9/2024,12/9/2024,830,72.92%,17/9/2024,731.4,52.38%
1,The issue size of the Tolin Tyres IPO is230 Cr.,230,The price band for Tolins Tyres IPO isRs 215 to Rs 226.,215,226,The shares of Tolins Tyres IPO will list on16th September 2024.,Tolins Tyres,The latest tentativeGMPof Tolins Tyres IPO isRs 40.,40,The shares of Tolins Tyres IPO are subscribed24.68 Timesas of 11th September 2024.,24.68,226,215 - 226,230Cr.,Book Built,9/9/2024,11/9/2024,228,0.88%,16/9/2024,200.14,-11.44%
2,The issue size of the Bajaj Housing Finance IPO is6560 Cr.,6560,The price band for Bajaj Housing Finance IPO isRs 66 to Rs 70.,66,70,The shares of Bajaj Housing Finance IPO will list on16th September 2024.,Bajaj Housing Finance,The latest tentativeGMPof Bajaj Housing Finance IPO isRs 65.,65,The shares of Bajaj Housing Finance IPO is subscribed67.38 Timesas of 11th September 2024.,67.38,70,66 - 70,6560Cr.,Book Built,9/9/2024,11/9/2024,150,114.29%,16/9/2024,163.73,133.90%
3,The issue size of the Kross IPO is500 Cr.,500,The price band for Kross Limited IPO isRs 228 to Rs 240.,228,240,The shares of Kross Limited IPO will list on16th September 2024.,Kross,The latest tentativeGMPof Kross Limited IPO isRs 40.,40,The shares of Kross Limited IPO are subscribed17.45 Timesas of 11th September 2024.,17.45,240,228 - 240,500Cr.,Book Built,9/9/2024,11/9/2024,240,0.00%,16/9/2024,220.59,-8.09%
4,The issue size of the IPO is169.65 Cr.,169.65,The price band for Shree Tirupati Balajee Agro IPO isRs 78 to Rs 83.,78,83,The shares of Shree Tirupati Balajee Agro IPO will list on12th September 2024.,Shree Tirupati Balajee Agro,The latest tentativeGMPof Shree Tirupati Balajee Agro IPO isRs 25.,25,The shares of Shree Tirupati Balajee Agro IPO are subscribed124.52 Timesas of 9th September 2024.,124.52,83,78 - 83,169.65Cr.,Book Built,5/9/2024,9/9/2024,90,8.43%,12/9/2024,83.54,0.65%
5,The issue size of the IPO is167.93 Cr.,167.93,The price band for Gala Precision Engineering Limited IPO isRs 503 to Rs 529.,503,529,The shares of Gala Precision Engineering Limited IPO will list on9th September 2024.,Gala Precision Engineering Limited,The latest tentativeGMPof Gala Precision Engineering Limited IPO isRs 240.,240,The shares of Gala Precision Engineering Limited IPO is subscribed201.41 Timesas of 4rth September 2024.,201.41,529,503 - 529,167.93Cr.,Book Built,2/9/2024,4/9/2024,721.1,36.31%,9/9/2024,724.8,37.01%
6,The issue size of the IPO is834.68 Cr.,834.68,The price band for Baazar Style Retail Limited IPO isRs 370 to Rs 389.,370,389,The shares of Baazar Style Retail Limited IPO will list on6th September 2024.,Bazzar Style Retail Limitied,The latest tentativeGMPof Baazar Style Retail Limited IPO isRs 95.,95,The shares of Baazar Style Retail Limited IPO is subscribed40.63 Timesas of 3rd September 2024.,40.63,389,370 - 389,834.68Cr.,Book Built,30/8/2024,3/9/2024,389,0.00%,6/9/2024,356.75,-8.29%
7,The issue size of the IPO is601.20 Cr.,601.2,The price band for ECO Mobility & Hospitality Limited IPO isRs 318 to Rs 334.,318,334,The shares of ECO Mobility & Hospitality Limited IPO will list on4rth September 2024.,ECO Mobility & Hospitality,The latest tentativeGMPof ECO Mobility & Hospitality Limited IPO isRs 160.,160,The shares of ECO Mobility & Hospitality Limited IPO is subscribed64.18 Timesas of 30th August 2024.,64.18,334,318 - 334,601.2Cr.,Book Built,28/8/2024,30/8/2024,390,16.77%,4/9/2024,506.65,51.69%
8,The issue size of the IPO is2830.40 Cr.,2830.4,The price band for Premier Energies Limited IPO isRs 427 to Rs 450.,427,450,The shares of Premier Energies Limited IPO will list on3rd September 2024.,Premier Energies Limitied,The latest tentativeGMPof Premier Energies Limited IPO isRs 330.,330,The shares of Premier Energies Limited IPO is subscribed75.00 Timesas of 29th August 2024.,75,450,427 - 450,2830.4Cr.,Book Built,27/8/2024,29/8/2024,990,120.00%,3/9/2024,1109.2,146.49%
9,The issue size of the IPO is214.76 Cr.,214.76,The price band for Orient Technologies Limited IPO isRs 195 to Rs 206.,195,206,The shares of Orient Technologies Limited IPO will list on28th August 2024.,Orient Technologies Limited,The latest tentativeGMPof Orient Technologies Limited IPO isRs 70.,70,The shares of Orient Technologies Limited IPO is subscribed154.84 Timesas of 23rd August 2024.,154.84,206,195 - 206,214.76Cr.,Book Built,21/8/2024,23/8/2024,288,39.81%,28/8/2024,303.5,47.33%
10,The issue size of the IPO is600.29 Cr.,600.29,The price band for Interarch Building Products Limited IPO isRs 850 to Rs 900.,850,900,The shares of Interarch Building Products Limited IPO will list on26th August 2024.,Interarch Building Products Limited,The latest tentativeGMPof Interarch Building Products Limited IPO isRs 350.,350,The shares of Interarch Building Products Limited IPO is subscribed93.73 Timesas of 21st August 2024.,93.73,900,850 - 900,600.29Cr.,Book Built,19/8/2024,21/8/2024,1299,44.33%,26/8/2024,1322.4,46.93%
11,The issue size of the IPO is160.01 Cr.,160.01,The price band for Saraswati Saree Depot Limited IPO isRs 152 to Rs 160.,152,160,The shares of Saraswati Saree Depot Limited IPO will list on20th August 2024.,Saraswati Saree Depot Limited,The latest tentativeGMPof Saraswati Saree Depot Limited IPO isRs 35.,35,The shares of Saraswati Saree Depot Limited IPO is subscribed107.38 Timesas of 14th August 2024.,107.38,160,152 - 160,160.01Cr.,Book Built,12/8/2024,14/8/2024,194,21.25%,20/8/2024,165.12,3.20%
12,The issue size of the IPO is276.57 Cr.,276.57,The price band for Unicommerce eSolutions Limited IPO isRs 102 to Rs 108.,102,108,The shares of Unicommerce eSolutions Limited IPO will list on13th August 2024.,Unicommerce eSolutions Limitied,The latest tentativeGMPof Unicommerce eSolutions Limited IPO isRs 40.,40,The shares of Unicommerce eSolutions Limited IPO is subscribed168.35 Timesas of 8th August 2024.,168.35,108,102 - 108,276.57Cr.,Book Built,6/8/2024,8/8/2024,235,117.59%,13/8/2024,225.18,108.50%
13,"The issue size of the Firstcry IPO is4,193.73Cr.",4193.73,The price band for Brainbees Solutions Limited IPO (Firstcry IPO) isRs 440 to Rs 465.,440,465,The shares of Brainbees Solutions Limited IPO (Firstcry IPO) will list on13th August 2024.,Firstcry,The latest tentativeGMPof Brainbees Solutions Limited IPO (Firstcry IPO) isRs 55.,55,The shares of Brainbees Solutions Limited IPO (Firstcry IPO) is subscribed12.22 Timesas of 8th August 2024.,12.22,465,440 - 465,4193.73Cr.,Book Built,6/8/2024,8/8/2024,651,40.00%,13/8/2024,652.45,40.31%
14,The issue size of the Ola Electric Mobility Limited IPO (OLA IPO) is6145.56 Cr.,6145.56,The price band for Ola Electric Mobility Limited IPO (OLA IPO) isRs 72 to Rs 76.,72,76,The shares of Ola Electric Mobility Limited IPO (OLA IPO) will list on9th August 2024.,Ola Electric Mobility Limited IPO,The latest tentativeGMPof Ola Electric Mobility Limited IPO (OLA IPO) isRs 5.,5,The shares of Ola Electric Mobility Limited IPO (OLA IPO) is subscribed4.45 Timesas of 6th August 2024.,4.45,76,72 - 76,6145.56Cr.,Book Built,2/8/2024,6/8/2024,76,0.00%,9/8/2024,110.99,46.04%
15,The issue size of the IPO is1252.66 Cr.,1252.66,The price band for Ceigall India Limited IPO isRs 380 to Rs 401.,380,401,The shares of Ceigall India Limited IPO will list on8th August 2024.,Cerigall India Limited,The latest tentativeGMPof Ceigall India Limited IPO isRs 25.,25,The shares of Ceigall India Limited IPO is subscribed14.01 Timesas of 5th August 2024.,14.01,401,380 - 401,1252.66Cr.,Book Built,1/8/2024,5/8/2024,419,4.49%,8/8/2024,379.95,-5.25%
16,The issue size of the IPO is1856.74 Cr.,1856.74,The price band for Akums Drugs and Pharmaceuticals Limited IPO isRs 646 to Rs 679.,646,679,The shares of Akums Drugs and Pharmaceuticals Limited IPO will list on6th August 2024.,Akums Drugs and Phars Pharmaceuticals Limhaed,The latest tentativeGMPof Akums Drugs and Pharmaceuticals Limited IPO isRs 170.,170,The shares of Akums Drugs and Pharmaceuticals Limited IPO is subscribed63.44 Timesas of 1st August 2024.,63.44,679,646 - 679,1856.74Cr.,Book Built,30/7/2024,1/8/2024,725,6.77%,6/8/2024,851.75,25.44%
17,The issue size of the Sanstar Limited IPO is510.15 Cr.,510.15,The price band for Sanstar Limited IPO isRs 90 to Rs 95.,90,95,The shares of Sanstar Limited IPO will list on26th July 2024.,Limited,The latest tentativeGMPof Sanstar Limited IPO isRs 30.,30,The shares of Sanstar Limited IPO is subscribed82.98 Timesas of 23rd July 2024.,82.98,95,90 - 95,510.15Cr.,Book Built,19/7/2024,23/7/2024,109,14.74%,26/7/2024,140,47.37%
18,The issue size of the Bansal Wire Industries Limited IPO is745 Cr.,745,The price band for Bansal Wire Industries Limited IPO isRs 243 to Rs 256.,243,256,The shares of Bansal Wire Industries Limited IPO will list on10th July 2024.,Bansal Wire Industries Limited,The latest tentativeGMPof Bansal Wire Industries Limited IPO isRs 65.,65,The shares of Bansal Wire Industries Limited IPO is subscribed62.76 Timesas of 5th July 2024.,62.76,256,243 - 256,745Cr.,Book Built,3/7/2024,5/7/2024,356,39.06%,10/7/2024,427.7,67.07%
19,The issue size of the Emcure Pharmaceuticals Limited IPO is1952.03 Cr.,1952.03,The price band for Emcure Pharmaceuticals Limited IPO isRs 960 to Rs 1008.,960,1008,The shares of Emcure Pharmaceuticals Limited IPO will list on10th July 2024.,Emcure Pharmaceuticals Limited,The latest tentativeGMPof Emcure Pharmaceuticals Limited IPO isRs 295.,295,The shares of Emcure Pharmaceuticals Limited IPO is subscribed67.85 Timesas of 5th July 2024.,67.85,1008,960 - 1008,1952.03Cr.,Book Built,3/7/2024,5/7/2024,1325.05,31.45%,10/7/2024,1448.5,43.70%
20,The issue size of the Vraj Iron and Steel Limited IPO is171 Cr.,171,The price band for Vraj Iron and Steel Limited IPO isRs 195 to Rs 207.,195,207,The shares of Vraj Iron and Steel Limited IPO will list on3rd July 2024.,Vraj Iron and Steel Limited,The latest tentativeGMPof Vraj Iron and Steel Limited IPO isRs 90.,90,The shares of Vraj Iron and Steel Limited IPO is subscribed126.36 Timesas of 28th June 2024.,126.36,207,195 - 207,171Cr.,Book Built,26/6/2024,28/6/2024,240,15.94%,3/7/2024,246.53,19.10%
21,The issue size of the Allied Blenders and Distillers Limited IPO is1500 Cr.,1500,The price band for Allied Blenders and Distillers Limited IPO isRs 267 to Rs 281.,267,281,The shares of Allied Blenders and Distillers Limited IPO will list on3rd July 2024.,Blenders and Distillers,The latest tentativeGMPof Allied Blenders and Distillers Limited IPO isRs 40.,40,The shares of Allied Blenders and Distillers Limited IPO is subscribed24.80 Timesas of 27th June 2024.,24.8,281,267 - 281,1500Cr.,Book Built,25/6/2024,27/6/2024,320,13.88%,2/7/2024,345.55,22.97%
22,The issue size of the Stanley Lifestyles Limited IPO is537.02 Cr.,537.02,The price band for Stanley Lifestyles Limited IPO isRs 351 to Rs 369.,351,369,The shares of Stanley Lifestyles Limited IPO will list on28th June 2024.,Lifestyles,The latest tentativeGMPof Stanley Lifestyles Limited IPO isRs 170.,170,The shares of Stanley Lifestyles Limited IPO is subscribed96.29 Timesas of 25th June 2024.,96.29,369,351 - 369,537.02Cr.,Book Built,21/6/2024,25/6/2024,494.95,34.13%,28/6/2024,490.8,33.01%
23,The issue size of the IPO is132 Cr.,132,The price band for Akme Fintrade India Limited IPO (Aasaan Loans IPO) isRs 114 to Rs 120.,114,120,The shares of Akme Fintrade India Limited IPO (Aasaan Loans IPO) will list on26th June 2024.,,The latest tentativeGMPof Akme Fintrade India Limited IPO (Aasaan Loans IPO) isRs 45.,45,The shares of Akme Fintrade India Limited IPO (Aasaan Loans IPO) is subscribed54.49 Timesas of 21st June 2024.,54.49,120,114 - 120,132Cr.,Book Built,19/6/2024,21/6/2024,127,5.83%,26/6/2024,115.58,-3.68%
24,The issue size of the DEE Development Engineers Limited IPO (DEE Piping Systems IPO) is418.01 Cr.,418.01,The price band for DEE Development Engineers Limited IPO (DEE Piping Systems IPO) isRs 193 to Rs 203.,193,203,The shares of DEE Development Engineers Limited IPO (DEE Piping Systems IPO) will list on26th June 2024.,DEE Development Engineers Limited IPO (DEE Piping Systems,The latest tentativeGMPof DEE Development Engineers Limited IPO (DEE Piping Systems IPO) isRs 95.,95,The shares of DEE Development Engineers Limited IPO (DEE Piping Systems IPO) is subscribed103.03 Timesas of 21st June 2024.,103.03,203,193 - 203,418.01Cr.,Book Built,19/6/2024,21/6/2024,339,67.00%,26/6/2024,301.8,48.67%
25,The issue size of the IPO is740.10 Cr.,740.1,"The price band forLe Travenues technology IPO,commonly known asIxigo IPOisRs 88 to Rs 93.",88,93,"The shares ofLe Travenues technology IPO,commonly known asIxigo IPOwill list on18th June 2024.",Travenues technology,"The latest tentativeGMPofLe Travenues technology IPO,commonly known asIxigo IPOisRs 25.",25,"The shares ofLe Travenues technology IPO,commonly known asIxigo IPOis subscribed98.08 Timesas of 12th June 2024.",98.08,93,88 - 93,740.1Cr.,Book Built,10/6/2024,12/6/2024,138.1,48.49%,18/6/2024,144.77,55.67%
26,The issue size of the IPO is130.15 Cr.,130.15,The price band for Kronox Lab Sciences Limited IPO isRs 129 to Rs 136.,129,136,The shares of Kronox Lab Sciences Limited IPO will list on10th June 2024.,Kronox LaLab Sciences Liesed,The latest tentativeGMPof Kronox Lab Sciences Limited IPO isRs 50.,50,The shares of Kronox Lab Sciences Limited IPO is subscribed117.23 Timesas of 5th June 2024.,117.23,136,129 - 136,130.15Cr.,Book Built,3/6/2024,5/6/2024,164.95,21.29%,10/6/2024,178.53,31.27%
27,The issue size of the IPO is598.93 Cr.,598.93,The price band for Awfis Space Solutions Limited IPO isRs 364 to Rs 383.,364,383,The shares of Awfis Space Solutions Limited IPO will be listed on30th May 2024.,Awfis Space Solutions Limited,The latest tentativeGMPof Awfis Space Solutions Limited IPO isRs 125.,125,The shares of Awfis Space Solutions Limited IPO is subscribed108.17 Timesas of 27 May 2024.,108.17,383,364 - 383,598.93Cr.,Book Built,22/5/2024,27/5/2024,435,13.58%,30/5/2024,722.95,88.76%
28,The issue size of the IPO is2614.65 Cr.,2614.65,The price band for Go Digit General Insurance Limited IPO isRs 258 to Rs 272.,258,272,The shares of Go Digit General Insurance Limited IPO will list on23rd May 2024.,Go Digit General Insurance Limited,The latest tentativeGMPof Go Digit General Insurance Limited IPO isRs 15.,15,The shares of Go Digit General Insurance Limited IPO is subscribed9.60 Timesas of 17th May 2024.,9.6,272,258 - 272,2614.65Cr.,Book Built,15/5/2024,17/5/2024,286,5.15%,23/5/2024,358.7,31.88%
29,The issue size of the IPO is3000 Cr.,3000,The price band for Aadhar Housing Finance Limited IPO isRs 300 to Rs 315.,300,315,The shares of Aadhar Housing Finance Limited IPO will list on15th May 2024.,,The latest tentativeGMPof Aadhar Housing Finance Limited IPO isRs 70.,70,The shares of Aadhar Housing Finance Limited IPO is subscribed26.76 Timesas of 10th May 2024.,26.76,315,300 - 315,3000Cr.,Book Built,8/5/2024,10/5/2024,315,0.00%,15/5/2024,464.25,47.38%
30,The issue size of the IPO is1550.81 Cr.,1550.81,The price band for TBO Tek Limited IPO isRs 875 to Rs 920.,875,920,The shares of TBO Tek Limited IPO will list on15th May 2024.,TBO Tek,The latest tentativeGMPof TBO Tek Limited IPO isRs 550.,550,The shares of TBO Tek Limited IPO is subscribed86.69 Timesas of 10th May 2024.,86.69,920,875 - 920,1550.81Cr.,Book Built,8/5/2024,10/5/2024,1426,55.00%,15/5/2024,1752.55,90.49%
31,The issue size of the IPO is1841.76 Cr.,1841.76,The price band for Indegene Limited IPO isRs 430 to Rs 452.,430,452,The shares of Indegene Limited IPO will list on13th May 2024.,Indegene Limited,The latest tentativeGMPof Indegene Limited IPO isRs 260.,260,The shares of Indegene Limited IPO is subscribed70.30 Timesas of 8th May 2024.,70.3,452,430 - 452,1841.76Cr.,Book Built,6/5/2024,8/5/2024,655,44.91%,13/5/2024,662.3,46.53%
32,The issue size of the JNK India Limited IPO is649.47 Cr.,649.47,The price band for JNK India Limited IPO isRs 395 to Rs 415.,395,415,The shares of JNK India Limited IPO will list on30h April 2024.,JNK India Limited,The latest tentativeGMPof JNK India Limited IPO isRs 85.,85,The shares of JNK India Limited IPO is subscribed28.46 Timesas of 25th April 2024.,28.46,415,395 - 415,649.47Cr.,Book Built,23/4/2024,25/4/2024,621,49.64%,30/4/2024,693.05,67.00%
33,The issue size of Bharti Hexacom Limited IPO is4275 Cr.,4275,The price band for Bharti Hexacom Limited IPO isRs 542 to Rs 570.,542,570,The shares of Bharti Hexacom Limited IPO will list on12th April 2024.,Hexacom Limited,The latest tentativeGMPof Bharti Hexacom Limited IPO isRs 50.,50,The shares of Bharti Hexacom Limited IPO is subscribed29.88 Timesas of 5th April 2024.,29.88,570,542 - 570,4275Cr.,Book Built,3/4/2024,5/4/2024,755,32.46%,12/4/2024,1446.95,153.85%
34,The issue size of the IPO is130.20 Cr.,130.2,The price band for SRM Contractors Limited IPO isRs 200 to Rs 210.,200,210,The shares of SRM Contractors Limited IPO will list on3rd April 2024.,SRM Contractors,The latest tentativeGMPof SRM Contractors Limited IPO isRs 110.,110,The shares of SRM Contractors Limited IPO is subscribed86.57 Timesas of 28th March 2024.,86.57,210,200 - 210,130.2Cr.,Book Built,26/3/2024,28/3/2024,215.25,2.50%,3/4/2024,281.75,34.17%
35,The issue size of the IPO is300.13 Cr.,300.13,The price band for Krystal Integrated Services Limited IPO isRs 680 to Rs 715.,680,715,The shares of Krystal Integrated Services Limited IPO will list on21 March 2024.,Krystal Integrated,The latest tentativeGMPof Krystal Integrated Services Limited IPO isRs 60.,60,The shares of Krystal Integrated Services Limited IPO is subscribed13.49 Timesas of 18th March 2024.,13.49,715,680 - 715,300.13Cr.,Book Built,14/3/2024,18/3/2024,785,9.79%,21/3/2024,768.25,7.45%
36,The issue size of the IPO is601.55 Cr.,601.55,The price band for Popular Vehicles & Services Limited IPO isRs 280 to Rs 295.,280,295,The shares of Popular Vehicles & Services Limited IPO will list on19th March 2024.,Popular Vehicles,The latest tentativeGMPof Popular Vehicles & Services Limited IPO isRs 0.,0,The shares of Popular Vehicles & Services Limited IPO is subscribed1.25 Timesas of 14th March 2024.,1.25,295,280 - 295,601.55Cr.,Book Built,12/3/2024,14/3/2024,289.2,-1.97%,19/3/2024,221.67,-24.86%
37,The issue size of the IPO is650 Cr.,650,The price band for Gopal Snacks Limited IPO isRs 381 to Rs 401.,381,401,The shares of Gopal Snacks Limited IPO will list on14th March 2024.,,The latest tentativeGMPof Gopal Snacks Limited IPO isRs 25.,25,The shares of Gopal Snacks Limited IPO is subscribed9.50 Timesas of 11th March 2024.,9.5,401,381 - 401,650Cr.,Book Built,6/3/2024,11/3/2024,351,-12.47%,14/3/2024,381.65,-4.83%
38,The issue size of the IPO is251.19 Cr.,251.19,The price band for JG Chemicals Limited IPO isRs 210 to Rs 221.,210,221,The shares of JG Chemicals Limited IPO will list on13th March 2024.,JG Chemicals,The latest tentativeGMPof JG Chemicals Limited IPO isRs 30.,30,The shares of JG Chemicals Limited IPO is subscribed28.52 Timesas of 7th March 2024.,28.52,221,210 - 221,251.19Cr.,Book Built,5/3/2024,7/3/2024,209,-5.43%,13/3/2024,412.85,86.81%
39,The issue size of the IPO is423.56 Cr.,423.56,The price band for R K Swamy Limited IPO isRs 270 to Rs 288.,270,288,The shares of R K Swamy Limited IPO will list on12th March 2024.,R K,The latest tentativeGMPof R K Swamy Limited IPO isRs 15.,15,The shares of R K Swamy Limited IPO is subscribed25.78 Timesas of 6th March 2024.,25.78,288,270 - 288,423.56Cr.,Book Built,4/3/2024,6/3/2024,250,-13.19%,12/3/2024,254.8,-11.53%
40,The issue size of the IPO is224 Cr.,224,The price band for Mukka Proteins Limited IPOisRs 26 to Rs 28.,26,28,The shares of Mukka Proteins Limited IPO will list on7th March 2024.,,The latest tentativeGMPof Mukka Proteins Limited IPO isRs 2.,2,The shares of Mukka Proteins Limited IPO is subscribed136.99 Timesas of 4th March 2024.,136.99,28,26 - 28,224Cr.,Book Built,29/2/2024,4/3/2024,40,42.86%,7/3/2024,42.91,53.25%
41,The issue size of the IPO is216.05 Cr.,216.05,The price band for Platinum Industries Limited IPO isRs 150 to Rs 157.,150,157,The shares of Platinum Industries Limited IPO will list on5th March 2024.,Platinum Industries,The latest tentativeGMPof Platinum Industries Limited IPO isRs 100.,100,"The shares of Platinum Industries Limited IPO is subscribed39.84 Timesas of 1:21 pm, 29th February 2024.",39.84,157,150 - 157,216.05Cr.,Book Built,27/2/2024,29/2/2024,225,43.31%,5/3/2024,393.4,150.57%
42,The issue size of the IPO is429 Cr.,429,The price band for Exicom Tele-Systems Limited IPO isRs 135 to Rs 142.,135,142,The shares of Exicom Tele-Systems Limited IPO will list on5th March 2024.,,The latest tentativeGMPof Exicom Tele-Systems Limited IPO isRs 170.,170,"The shares of Exicom Tele-Systems Limited IPO is subscribed48.99 Timesas of 1:21 pm, 29th February 2024.",48.99,142,135 - 142,429Cr.,Book Built,27/2/2024,29/2/2024,265,86.62%,5/3/2024,327.7,130.77%
43,The issue size of the IPO is525.14 Cr.,525.14,The price band for GPT Healthcare Limited IPO isRs 177 to Rs 186.,177,186,The shares of GPT Healthcare Limited IPO will list on29th February 2024.,GPT Healthcare,The latest tentativeGMPof GPT Healthcare Limited IPO isRs 10.,10,"The shares of GPT Healthcare Limited IPO is subscribed8.47 Timesas of 4:35 pm, 26thFebruary 2024.",8.47,186,177 - 186,525.14Cr.,Book Built,22/2/2024,26/2/2024,215,15.59%,29/2/2024,182.78,-1.73%
44,The issue size of the IPO is1800 Cr.,1800,The price band for Juniper Hotels Limited IPO (Hyatt IPO) isRs 342 to Rs 360.,342,360,The shares of Juniper Hotels Limited IPO (Hyatt IPO) will list on28th February 2024.,,The latest tentativeGMPof Juniper Hotels Limited IPO (Hyatt IPO) isRs 10.,10,The shares of Juniper Hotels Limited IPO (Hyatt IPO) is subscribed2.18 Timesas of 23rd February 2024.,2.18,360,342 - 360,1800Cr.,Book Built,21/2/2024,23/2/2024,365,1.39%,28/2/2024,370.9,3.03%
45,The issue size of Vibhor Steel Tubes Limited IPO is71.17 Cr.,72.17,The price band for Vibhor Steel Tubes Limited IPO isRs 141 to Rs 151.,141,151,The shares of Vibhor Steel Tubes Limited IPO will list on20th February 2024.,Steel Tubes,The latest tentativeGMPof Vibhor Steel Tubes Limited IPO isRs 120.,120,The shares of Vibhor Steel Tubes Limited IPO is subscribed320.05 Timesas of 15th February 2024.,320.05,151,141 - 151,72.17Cr.,Book Built,13/2/2024,15/2/2024,425,181.46%,20/2/2024,252,66.89%
46,The issue size of the IPO is1600 Cr.,1600,The price band for Entero Healthcare Solutions Limited IPO isRs 1195 to Rs 1258.,1195,1258,The shares of Entero Healthcare Solutions Limited IPO will list on16th February 2024.,,The latest tentativeGMPof Entero Healthcare Solutions Limited IPO isRs 10.,10,The shares of Entero Healthcare Solutions Limited IPO is subscribed1.43 Timesas of 13th February 2024.,1.43,1258,1195 - 1258,1600Cr.,Book Built,9/2/2024,13/2/2024,1228.7,-2.33%,16/2/2024,1366.6,8.63%
47,The issue size of the Jana Small Finance Bank IPO is570 Cr.,570,The shares of Jana Small Finance Bank Limited IPO will list on14th February 2024.,14,414,The price band for Jana Small Finance Bank Limited IPO isRs 393 to Rs 414.,Small Finance Bank,The latest tentativeGMPof Jana Small Finance Bank Limited IPO isRs 50.,50,The shares of Jana Small Finance Bank Limited IPO is subscribed19.89 Timesas of 9th February 2024.,19.89,414,393 - 414,570Cr.,Book Built,7/2/2024,9/2/2024,396,-4.35%,14/2/2024,577.15,39.41%
48,The issue size of the IPO is600 Cr.,600,The shares of Rashi Peripherals Limited IPO will list on14th February 2024.,14,311,The price band for Rashi Peripherals Limited IPO isRs 295 to Rs 311.,,The latest tentativeGMPof Rashi Peripherals Limited IPO isRs 70.,70,The shares of Rashi Peripherals Limited IPO is subscribed62.95 Timesas of 9th February 2024.,62.95,311,295 - 311,600Cr.,Book Built,7/2/2024,9/2/2024,339.5,9.16%,14/2/2024,381.65,22.72%
49,The issue size of the Capital Small Finance Bank IPO is523.07 Cr.,523.07,The shares of Capital Small Finance Bank Limited IPO will list on14th February 2024.,14,468,The price band for Jana Capital Finance Bank Limited IPO isRs 445 to Rs 468.,Small Finance,The latest tentativeGMPof Capital Small Finance Bank Limited IPO isRs 30.,30,The shares of Capital Small Finance Bank Limited IPO is subscribed4.17 Timesas of 9th February 2024.,4.17,468,445 - 468,523.07Cr.,Book Built,7/2/2024,9/2/2024,430.25,-8.07%,14/2/2024,293.85,-37.21%
50,The issue size of the IPO is920 Cr.,920,The price band for Apeejay Surrendra Park Limited IPO isRs 147 to Rs 155.,147,155,The shares of Apeejay Surrendra Park Limited IPO will list on12th February 2024.,,The latest tentativeGMPof Apeejay Surrendra Park Limited IPO isRs 35.,35,"The shares of Apeejay Surrendra Park Limited IPO is subscribed62.89 Timesas of 4:59 pm, 7th February 2024.",62.89,155,147 - 155,920Cr.,Book Built,5/2/2024,7/2/2024,187,20.65%,12/2/2024,172.33,11.18%
51,The issue size of the BLS E-Services Limited IPO is310.91 Cr.,310.91,The price band for BLS E-Services Limited IPO isRs 129 to Rs 135.,129,135,The shares of BLS E-Services Limited IPO will list on6th February 2024.,E-Services Limited,The latest tentativeGMPof BLS E-Services Limited IPO isRs 175.,175,The shares of BLS E-Services Limited IPO is subscribed162.38 Timesas of 1st February 2024.,162.38,135,129 - 135,310.91Cr.,Book Built,30/1/2024,1/2/2024,305,125.93%,6/2/2024,238.35,76.56%
52,The fresh issue size of the IPO is143.81 Cr.,143.81,The price band for Nova Agritech Limited IPO isRs 39 to Rs 41.,39,41,The shares of Nova Agritech Limited IPO will list on31st January 2024.,Agritech Limited IPO isRs,The latest tentativeGMPof Nova Agritech Limited IPO isRs 20.,20,The shares of Nova Agritech Limited IPO is subscribed113.21 Timesas of 25th January 2024.,113.21,41,39 - 41,143.81Cr.,Book Built,23/1/2024,25/1/2024,55,34.15%,31/1/2024,67.07,63.59%
53,The issue size of the IPO is640.05 Cr.,640.05,The price band for EPACK Durable Limited IPO isRs 218 to Rs 230.,218,230,The shares of EPACK Durable Limited IPO will list on30th January 2024.,EPACK Durable,The latest tentativeGMPof EPACK Durable Limited IPO isRs 35.,35,The shares of EPACK Durable Limited IPO is subscribed16.79 Timesas of 24th January 2024.,16.79,230,218 - 230,640.05Cr.,Book Built,19/1/2024,24/1/2024,221,-3.91%,30/1/2024,398.8,73.39%
54,The issue size of Medi Assist Healthcare Services Limited IPO is1171.58 Cr.,1171.58,The price band for Medi Assist Healthcare Services Limited IPO isRs 397 to Rs 418.,397,418,The shares of Medi Assist Healthcare Services Limited IPO will list on23rd January 2024.,Assist Healthcare Services Limited,The latest tentativeGMPof Medi Assist Healthcare Services Limited IPO isRs 25.,25,The shares of Medi Assist Healthcare Services Limited IPO is subscribed16.25 Timesas of 17th January 2024.,16.25,418,397 - 418,1171.58Cr.,Book Built,15/1/2024,17/1/2024,460,10.05%,23/1/2024,683.3,63.47%
55,The issue size of Jyoti CNC Automation Limited IPO is1000 Cr.,1000,The price band for Jyoti CNC Automation Limited IPO isRs 315 to Rs 331.,315,331,The shares of Jyoti CNC Automation Limited IPO will list on16th January 2024.,CNC Automation Limited,The latest tentativeGMPof Jyoti CNC Automation Limited IPO isRs 45.,45,The shares of Jyoti CNC Automation Limited IPO is subscribed40.49 Timesas of 11th January 2024.,40.49,331,315 - 331,1000Cr.,Book Built,9/1/2024,11/1/2024,370,11.78%,16/1/2024,1170.1,253.50%
56,The issue size of the IPO is570 Cr.,570,The price band for Innova Captab Limited IPO isRs 426 to Rs 448.,426,448,The shares of Innova Captab Limited IPO will list on29th December 2023.,,The latest tentativeGMPof Innova Captab Limited IPO isRs 110.,110,The shares of Innova Captab Limited IPO is subscribed55.26 Timesas of 26th December 2023.,55.26,448,426 - 448,570Cr.,Book Built,21/12/2023,26/12/2023,452.1,0.92%,29/12/2023,794.9,77.43%
57,The issue size of the IPO is740 Cr.,740,The price band for Azad Engineering Limited IPO isRs 499 to Rs 524.,499,524,The shares of Azad Engineering Limited IPO will list on28th December 2023.,,The latest tentativeGMPof Azad Engineering Limited IPO isRs 350.,350,The shares of Azad Engineering Limited IPO is subscribed83.04 Timesas of 22nd December 2023.,83.04,524,499 - 524,740Cr.,Book Built,20/12/2023,22/12/2023,720,37.40%,28/12/2023,1490.15,184.38%
58,The issue size of the IPO is100 Cr.,100,The price band for RBZ Jewellers Limited IPOisRs 95 to Rs 100.,95,100,The shares of RBZ Jewellers Limited IPO will list on27th December 2023.,,The latest tentativeGMPof RBZ Jewellers Limited IPO isRs 5.,5,The shares of RBZ Jewellers Limited IPO is subscribed16.86 Timesas of 21st December 2023.,16.86,100,95 - 100,100Cr.,Book Built,19/12/2023,21/12/2023,100,0.00%,27/12/2023,168.5,68.50%
59,The issue size of the IPO is549.78 Cr.,549.78,The price band for Credo Brands Marketing Limited IPO (Mufti Menswear IPO)isRs 266 to Rs 280.,266,280,The shares of Credo Brands Marketing Limited IPO (Mufti Menswear IPO) will list on27th December 2023.,Credo Brands,The latest tentativeGMPof Credo Brands Marketing Limited IPO (Mufti Menswear IPO) isRs 125.,125,The shares of Credo Brands Marketing Limited IPO (Mufti Menswear IPO) is subscribed51.85 Timesas of 21st December 2023.,51.85,280,266 - 280,549.78Cr.,Book Built,19/12/2023,21/12/2023,282.35,0.84%,27/12/2023,198.39,-29.15%
60,The issue size of the IPO is1008.59 Cr.,1008.59,The price band for Happy Forgings Limited IPOisRs 808 to Rs 850.,808,850,The shares of Happy Forgings Limited IPO will list on27th December 2023.,Happy Forgings Limited,The latest tentativeGMPof Happy Forgings Limited IPO isRs 400.,400,The shares of Happy Forgings Limited IPO is subscribed82.63 Timesas of 21st December 2023.,82.63,850,808 - 850,1008.59Cr.,Book Built,19/12/2023,21/12/2023,1000,17.65%,27/12/2023,1221.85,43.75%
61,The issue size of the IPO is960 Cr.,960,The price band for Muthoot Microfin Limited IPO isRs 277 to Rs 291.,277,291,The employees of the company can apply at a Discount ofRs 14.,,The latest tentativeGMPof Muthoot Microfin Limited IPO isRs 60.,60,"The shares of Muthoot Microfin Limited IPO is subscribed12.20 Timesas of 4:28 pm, 20th December 2023.",12.2,291,277 - 291,960Cr.,Book Built,18/12/2023,20/12/2023,275.3,-5.40%,26/12/2023,229.03,-21.30%
62,The issue size of the IPO is151.09 Cr.,151.09,The price band for Motisons Jewellers IPO isRs 52 to Rs 55.,52,55,The shares of Motisons Jewellers IPO will list on26th December 2023.,Motisons Jewellers IPO,The latest tentativeGMPof Motisons Jewellers IPO isRs 120.,120,"The shares of Motisons Jewellers IPO is subscribed171.04 Timesas of 4:28 pm, 20th December 2023.",171.04,55,52 - 55,151.09Cr.,Book Built,18/12/2023,20/12/2023,109,98.18%,26/12/2023,287.56,422.84%
63,The issue size of the Suraj Estate Developers IPO is400 Cr.,400,The price band for Suraj Estate Developers IPO isRs 340 to Rs 360.,340,360,The shares of Suraj Estate Developers IPO will list on26th December 2023.,Suraj Estate Developers,The latest tentativeGMPof Suraj Estate Developers IPO isRs 70.,70,"The shares of Suraj Estate Developers IPO is subscribed16.36 Timesas of 4:23 pm, 20th December 2023.",16.36,360,340 - 360,400Cr.,Book Built,18/12/2023,20/12/2023,340,-5.56%,26/12/2023,797.25,121.46%
64,The issue size of the IPO is1459.32 Cr.,1459.32,The price band for Inox India Limited IPO (Inox CVA IPO) isRs 627 to Rs 660.,627,660,The shares of Inox India Limited IPO (Inox CVA IPO) will list on21st December 2023.,Inox India,The latest tentativeGMPof Inox India Limited IPO (Inox CVA IPO) isRs 550.,550,"The shares of Inox India Limited IPO (Inox CVA IPO) is subscribed60.98 Timesas of 4:55 pm, 18th December 2023.",60.98,660,627 - 660,1459.32Cr.,Book Built,14/12/2023,18/12/2023,949.65,43.89%,21/12/2023,1094.05,65.77%
65,The issue size of the IPO is1200 Cr.,1200,The price band for India Shelter Finance Corporation Ltd IPO isRs 469 to Rs 493.,469,493,The shares of India Shelter Finance Corporation Ltd IPO will list on20th December 2023.,,The latest tentativeGMPof India Shelter Finance Corporation Ltd IPO isRs 165.,165,The shares of India Shelter Finance Corporation Ltd IPO is subscribed38.59 Timesas of 15th December 2023.,38.59,493,469 - 493,1200Cr.,Book Built,13/12/2023,15/12/2023,620,25.76%,20/12/2023,718.9,45.82%
66,The issue size of the IPO is1200 Cr.,1200,The price band for DOMS Industries Limited IPO isRs 750 to Rs 790.,750,790,The shares of DOMS Industries Limited IPO will list on20th December 2023.,,The latest tentativeGMPof DOMS Industries Limited IPO isRs 530.,530,The shares of DOMS Industries Limited IPO is subscribed99.34 Timesas of 15th December 2023.,99.34,790,750 - 790,1200Cr.,Book Built,13/12/2023,15/12/2023,1400,77.22%,20/12/2023,2699.15,241.66%
67,The issue size of the IPO is593 Cr.,593,The price band for Flair Writing Limited IPO isRs 288 to Rs 304.,288,304,The shares of Flair Writing Limited IPO will list on1st December 2023.,,The latest tentativeGMPof Flair Writing Limited IPO isRs 80.,80,The shares of Flair Writing Limited IPO is subscribed49.28 Timesas of 24th November 2023.,49.28,304,288 - 304,593Cr.,Book Built,22/11/2023,24/11/2023,501,64.80%,1/12/2023,312.65,2.85%
68,The issue size of the IPO is500.69 Cr.,500.69,The price band for Gandhar Oil Refinery India Limited IPO isRs 160 to Rs 169.,160,169,The shares of Gandhar Oil Refinery India Limited IPO will list on30th November 2023.,Gandhar Oil,The latest tentativeGMPof Gandhar Oil Refinery India Limited IPO isRs 80.,80,The shares of Gandhar Oil Refinery India Limited IPO is subscribed65.63 Timesas of 24th November 2023.,65.63,169,160 - 169,500.69Cr.,Book Built,22/11/2023,24/11/2023,298,76.33%,30/11/2023,208.42,23.33%
69,The issue size of the IPO is3042.51 Cr.,3042.51,The price band for Tata Technologies Ltd IPO isRs 475 to Rs 500.,475,500,The shares of Tata Technologies Ltd will list on30th November 2023.,Tata Technologies Ltd IPO,The latest tentativeGMP or Grey Market Premiumof Tata Technologies Ltd IPO isRs 410.,410,The shares of Tata Technologies IPO is subscribed69.43 timesin total. It is highly oversubscribed.,69.43,500,475 - 500,3042.51Cr.,Book Built,22/11/2023,24/11/2023,1200,140.00%,30/11/2023,1114.7,122.94%
70,The issue size of the IPO is1092.26 Cr.,1092.26,The price band for FedBank Financial Services Limited IPO isRs 133 to Rs 140_.,133,140,The shares of FedBank Financial Services Limited IPO will list on30th November 2023.,FedBank Financial,The latest tentativeGMPof FedBank Financial Services Limited IPO isRs 1.,1,The shares of FedBank Financial Services Limited IPO is subscribed2.24 Timesas of 24th November 2023.,2.24,140,133 - 140,1092.26Cr.,Book Built,22/11/2023,24/11/2023,138,-1.43%,30/11/2023,119.08,-14.94%
71,The issue size of the IPO is2150.21 Cr.,2150.21,The price band for IREDA IPO isRs 30 to Rs 32.,30,32,The shares of IREDA IPO will list on29th November 2023.,IREDA IPO isRs,The latest tentativeGMPof IREDA IPO isRs 10.,10,"The shares of IREDA IPO is subscribed7.10 timesas of 12:05 pm, 23rd November 2023.",7.1,32,30 - 32,2150.21Cr.,Book Built,21/11/2023,23/11/2023,50,56.25%,29/11/2023,232.37,626.16%
72,The issue size of the IPO is834 Cr.,834,The price band for ASK Automotive Limited IPO isRs 268 to Rs 282.,268,282,The shares of ASK Automotive Limited IPO will list on15th November 2023.,,The latest tentativeGMPof ASK Automotive Limited IPO isRs 45.,45,"The shares of ASK Automotive Limited IPO is subscribed5.34 Timesas of 12:23 pm, 9th Novermber 2023.",5.34,282,268 - 282,834Cr.,Book Built,7/11/2023,9/11/2023,303.3,7.55%,15/11/2023,458.8,62.70%
73,The issue size of the IPO is490.33 Cr.,490.33,The price band for Protean e-Gov Technologies Ltd IPO isRs 752 to Rs 792.,752,792,The shares of Protean e-Gov Technologies Ltd IPO will list on13th November 2023.,Protean e-Gov,The latest tentativeGMPof Protean e-Gov Technologies Ltd IPO isRs 95.,95,The shares of Protean e-Gov Technologies Ltd IPO is subscribed23.86 Timesas of 8th November 2023.,23.86,792,759 - 792,490.33Cr.,Book Built,6/11/2023,8/11/2023,792,0.00%,13/11/2023,2030,156.31%
74,The issue size of the IPO is463 Cr.,463,The price band for ESAF Small Finance Bank IPO isRs 57 to Rs 60.,57,60,The shares of ESAF Small Finance Bank IPO will list on10th November 2023.,,The latest tentativeGMPof ESAF Small Finance Bank IPO isRs 20.,20,The shares of ESAF Small Finance Bank Limited IPO is subscribed77.00Timesas of 7th November 2023.,77,60,57 - 60,463Cr.,Book Built,3/11/2023,7/11/2023,71,18.33%,10/11/2023,49.72,-17.13%
75,The issue size of the IPO is1699 Cr.,1699,"The famous brands under the company are Mamaearth, The Derma Company, BBlunt, etc.",Derma,324,The price band for Honasa Consumer IPO (Mamaearth IPO) isRs 208 to Rs 324.,,The latest tentativeGMPof Honasa Consumer IPO (Mamaearth IPO) isRs 30.,30,The shares of Honasa Consumer IPO (Mamaearth IPO) is subscribed7.61Timesas of 2nd November 2023.,7.61,324,308 - 324,1699Cr.,Book Built,31/10/2023,2/11/2023,330,1.85%,7/11/2023,477.6,47.41%
76,The issue size of the IPO is1900 Cr.,1900,The price band for Cello World Limited IPO isRs 617 to Rs 648.,617,648,The shares of Cello World Limited IPO will list on6th November 2023.,,The latest tentativeGMPof Cello World Limited IPO isRs 160.,160,The shares of Cello World Limited IPO is subscribed41.69 Timesas of 1st November 2023.,41.69,648,617 - 648,1900Cr.,Book Built,30/10/2023,1/11/2023,829,27.93%,6/11/2023,875.65,35.13%
77,The issue size of the IPO is840.27 Cr.,840.27,The price band for Blue Jet Healthcare IPO isRs 329 to Rs 346.,329,346,The shares of Blue Jet Healthcare IPO will list on1st November 2023.,Blue Jet,The latest tentativeGMPof Blue Jet Healthcare IPO isRs 10.,10,The shares of Blue Jet Healthcare IPO is subscribed7.95 Timesas of 27 October 2023.,7.95,346,329 - 346,840.27Cr.,Book Built,25/10/2023,27/10/2023,380,9.83%,1/11/2023,521.15,50.62%
78,The issue size of the IPO is545.40 Cr.,545.4,The price band for IRM Energy Limited IPO isRs 480 to Rs 505.,480,505,The shares of IRM Energy Limited IPO will list on26th October 2023.,IRM Energy,The latest tentativeGMPof IRM Energy Limited IPO isRs 45.,45,The shares of IRM Energy Limited IPO is subscribed27.05 Timesas of 20th October 2023.,27.05,505,480 - 505,545.4Cr.,Book Built,18/10/2023,20/10/2023,477.25,-5.50%,26/10/2023,445.6,-11.76%
79,The issue size of the IPO is71.28 Cr.,71.28,The price band for Plaza Wires IPO isRs 51 to Rs 54.,51,54,The shares of Plaza Wires IPO will list on12th October 2023.,Plaza Wires IPO,The latest tentativeGMPof Plaza Wires IPO isRs 23.,23,The shares of Plaza Wires IPO is subscribed160.96 Timesas of 5th October 2023.,160.96,54,51 - 54,71.28Cr.,Book Built,29/9/2023,4/10/2023,76,40.74%,12/10/2023,85.01,57.43%
80,The issue size of the IPO is152.46 Cr.,152.46,The price band for Valiant Laboratories Limited IPO isRs 133 to Rs 140.,133,140,The shares of Valiant Laboratories Limited IPO will list on6th October 2023.,Valiant Laboratories,The latest tentativeGMPof Valiant Laboratories Limited IPO isRs 15.,15,The shares of Valiant Laboratories Limited IPO is subscribed29.75 Timesas of 3rd October 2023.,29.75,140,133 - 140,152.46Cr.,Book Built,27/9/2023,3/10/2023,162.15,15.82%,6/10/2023,119.77,-14.45%
81,The issue size of the IPO is640 Cr.,640,The price band for Updater Services IPO isRs 280 to Rs 300.,280,300,The shares of Updater Services IPO will list on4th October 2023.,,The latest tentativeGMPof Updater Services IPO isRs _.,NA,The shares of Updater Services IPO is subscribed2.96 Timesas of 27th September 2023.,2.96,300,280 - 300,640Cr.,Book Built,25/9/2023,27/9/2023,285,-5.00%,4/10/2023,383.65,27.88%
82,The issue size of the IPO is270.20 Cr.,270.2,The price band for Manoj Vaibhav Gems 'N' Jewellers Limited IPO isRs 204 to Rs 215.,204,215,The shares of Manoj Vaibhav Gems 'N' Jewellers Limited IPO will list on3rd October 2023.,Manoj Vaibhav,The latest tentativeGMPof Manoj Vaibhav Gems 'N' Jewellers Limited IPO isRs 18.,18,The shares of Manoj Vaibhav Gems 'N' Jewellers Limited IPO is subscribed2.33 Timesas of 26th September 2023.,2.33,215,204 - 215,270.2Cr.,Book Built,22/9/2023,26/9/2023,215,0.00%,3/10/2023,280.86,30.63%
83,The issue size of the IPO is2800 Cr.,2800,The price band for JSW Infrastructure LtdIPO isRs 113 to Rs 119.,113,119,The shares of JSW Infrastructure Ltd IPO will list on3rd October 2023.,,The latest tentativeGMPof JSW Infrastructure Ltd IPO isRs 21.,21,The shares of JSW Infrastructure Ltd IPO is subscribed39.36 Timesas of 27th September 2023.,39.36,119,113 - 119,2800Cr.,Book Built,25/9/2023,27/9/2023,143,20.17%,3/10/2023,336.4,182.69%
84,The issue size of the IPO is775 Cr.,775,The price band for Yatra Online LtdIPO isRs 135 to Rs 142.,135,142,The shares of Yatra Online Ltd IPO will list on29th September 2023.,,The latest tentativeGMPof Yatra Online Ltd IPO isRs _.,NA,The shares of Yatra Online IPO is subscribed1.66 Timesas of 20 September 2023.,1.66,142,135 - 142,775Cr.,Book Built,15/9/2023,20/9/2023,127.5,-10.21%,29/9/2023,135.1,-4.86%
85,The issue size of the IPO is1201 Cr.,1201,The price band for Sai Silks (Kalamandir) IPO isRs 210 to Rs 222.,210,222,The shares of Sai Silks (Kalamandir) IPO will list on27th September 2023.,,The latest tentativeGMPof Sai Silks (Kalamandir) IPO isRs 7.,7,The shares of Sai Silks (Kalamandir) IPO is subscribed4.47 Timesas of 22nd September 2023.,4.47,222,210 - 222,1201Cr.,Book Built,20/9/2023,22/9/2023,231,4.05%,27/9/2023,181.52,-18.23%
86,The issue size of the IPO is1964 Cr.,730,The price band for Signatureglobal (India)IPO isRs 366 to Rs 385.,366,385,The shares of Signatureglobal (India) IPO will list on27th September 2023.,,The latest tentativeGMPof Signatureglobal (India) IPO isRs 40.,40,The shares of Signatureglobal (India) IPO is subscribed12.50 Timesas of 22nd September 2023.,12.5,385,366 - 385,730Cr.,Book Built,20/9/2023,22/9/2023,444,15.32%,27/9/2023,1527.4,296.73%
87,The issue size of the IPO is563.38 Cr.,563.38,The price band for Zaggle Prepaid Ocean ServicesIPO isRs 156 to Rs 164.,156,164,The shares of Zaggle Prepaid Ocean Services IPO will list on22nd September 2023.,Zaggle Prepaid,The latest tentativeGMPof Zaggle Prepaid Ocean Services IPO isRs 15.,15,The shares of Zaggle Prepaid Ocean Services IPO is subscribed12.86 Timesas of 18 September 2023.,12.86,164,156 - 164,563.38Cr.,Book Built,14/9/2023,18/9/2023,164,0.00%,22/9/2023,443.3,170.30%
88,The issue size of the IPO is1370.1 Cr.,1370.1,The price band for Samhi HotelsIPO isRs 119 to Rs 126.,119,126,The shares of Samhi Hotels IPO will list on22nd September 2023.,Samhi HotelsIPO,The latest tentativeGMPof Samhi Hotels IPO isRs 10.,10,The shares of Samhi Hotels IPO is subscribed5.57 Timesas of 18 September 2023.,5.57,126,119 - 126,1370.1Cr.,Book Built,14/9/2023,18/9/2023,134.5,6.75%,22/9/2023,205.29,62.93%
89,The issue size of the IPO is321.24 Cr.,321.24,The price band for EMS LimitedIPO isRs 200 to Rs 211.,200,211,The shares of EMS Limited IPO will list on21st September 2023.,EMS LimitedIPO,The latest tentativeGMPof  EMS Limited IPO isRs 125.,125,The shares of EMS Limited IPO is subscribed76.20 Timesas of 12th September 2023.,76.2,211,200 - 211,321.24Cr.,Book Built,8/9/2023,12/9/2023,282.05,33.67%,21/9/2023,817.05,287.23%
90,The issue size of the IPO is1964 Cr.,1964,The price band for RR KabelIPO isRs 983 to Rs 1035.,983,1035,The shares of RR Kabel IPO will list on20th September 2023.,,The latest tentativeGMPof RR Kabel IPO isRs 135.,135,The shares of RR Kabel IPO is subscribed18.69 Timesas of 15th September 2023.,18.69,1035,983 - 1035,1964Cr.,Book Built,13/9/2023,15/9/2023,1180,14.01%,20/9/2023,1707.55,64.98%
91,The issue size of the IPO is869 Cr.,869,The price band for Jupiter Life Line HospitalsIPO isRs 695 to Rs 735.,695,735,The shares of Jupiter Life Line Hospitals IPO will list on18th September 2023.,,The latest tentativeGMPof Jupiter Life Line Hospitals IPO isRs 280.,280,The shares of Jupiter Life Line Hospitals IPO is subscribed64.80 Timesas of 8th September 2023.,64.8,735,695 - 735,869Cr.,Book Built,6/9/2023,8/9/2023,973,32.38%,18/9/2023,1342.25,82.62%
92,The issue size of the IPO is165.03 Cr.,165.03,The price band for Ratnaveer Precision EngineeringIPO isRs 93 to Rs 98.,93,98,The shares of Ratnaveer Precision Engineering IPO will list on11th September 2023.,Ratnaveer Precision,The latest tentativeGMPof Ratnaveer Precision Engineering IPO isRs 50.,50,The shares of Ratnaveer Precision Engineering IPO is subscribed93.96 Timesas of 6th September 2023.,93.96,98,93 - 98,165.03Cr.,Book Built,4/9/2023,6/9/2023,123.2,25.71%,14/9/2023,211.17,115.48%
93,The issue size of the IPO is490.78 Cr.,490.78,The price band for Rishabh InstrumentsIPO isRs 418 to Rs 441.,418,441,The shares of Rishabh Instruments IPO will list on11th September 2023.,Rishabh InstrumentsIPO,The latest tentativeGMPof Rishabh Instruments IPO isRs 85.,85,"The shares of Rishabh Instruments IPO is subscribed26.59 Timesas of 3:24 pm, 1st September 2023.",26.59,441,418 - 441,490.78Cr.,Book Built,30/8/2023,1/9/2023,460.05,4.32%,11/9/2023,354.45,-19.63%
94,The issue size of the IPO is308.61 Cr.,308.61,The price band for Vishnu Prakash R PungliaIPO isRs 94 to Rs 99.,94,99,The shares of Vishnu Prakash R Punglia IPO will list on5th September 2023.,Vishnu Prakash,The latest tentativeGMPof Vishnu Prakash R Punglia IPO isRs 55.,55,The shares of Vishnu Prakash R Punglia IPO is subscribed87.81 Timesas of 28th August 2023.,87.81,99,94 - 99,308.61Cr.,Book Built,24/8/2023,28/8/2023,165,66.67%,5/9/2023,231.01,133.34%
95,The issue size of the IPO is351 Cr.,351,The price band for Aeroflex IndustriesIPO isRs 102 to Rs 108.,102,108,The shares of Aeroflex Industries IPO will list on31st August 2023.,,The latest tentativeGMPof Aeroflex Industries IPO isRs 70.,70,The shares of Aeroflex Industries IPO is subscribed97.11 Timesas of 24th August 2023.,97.11,108,102 - 108,351Cr.,Book Built,22/8/2023,24/8/2023,190,75.93%,31/8/2023,181.57,68.12%
96,The issue size of the IPO is153.05 Cr.,153.05,The price band for Pyramid Technoplast IPO isRs 151 to Rs 166.,151,166,The shares of Pyramid Technoplast IPO will list on29th August 2023.,Pyramid Technoplast,The latest tentativeGMPof Pyramid Technoplast IPO isRs 28.,28,The shares of Pyramid Technoplast IPO is subscribed18.29 Timesas of 22nd August 2023.,18.29,166,151 - 166,153.05Cr.,Book Built,18/8/2023,22/8/2023,187,12.65%,29/8/2023,179.95,8.40%
97,The issue size of the IPO is880 Cr.,880,The price band for TVS Supply Chain Solutions IPO isRs 187 to Rs 197.,187,197,The shares of TVS Supply Chain Solutions IPO will list on24th August 2023.,,The latest tentativeGMPof TVS Supply Chain Solutions IPO isRs 15.,15,The shares of TVS Supply Chain Solutions is subscribed2.85 Timesas of 14th August 2023.,2.85,197,187 - 197,880Cr.,Book Built,10/8/2023,14/8/2023,207.05,5.10%,24/8/2023,202.89,2.99%
98,The issue size of the Concord Biotech IPO is1551 Cr.,1551,The price band for Concord Biotech IPO isRs 705 to Rs 741.,705,741,The shares of Concord Biotech IPO will list on18th August 2023.,Biotech,The latest tentativeGMPof Concord Biotech IPO isRs 150.,150,The shares of Concord Biotech IPO is subscribed24.87 Timesas of 8th August 2023.,24.87,741,705 - 741,1551Cr.,Book Built,4/8/2023,8/8/2023,900.05,21.46%,18/8/2023,2601.1,251.03%
99,The issue size of the IPO is1025 Cr.,1025,The price band for SBFC Finance IPO isRs 54 to Rs 57.,54,57,The shares of SBFC Finance IPO will list on16th August 2023.,,The latest tentativeGMPof SBFC Finance IPO isRs 40.,40,The shares of SBFC Finance IPO is subscribed74.06 Timesas of 7th August 2023.,74.06,57,54 - 57,1025Cr.,Book Built,3/8/2023,7/8/2023,82,43.86%,16/8/2023,88.18,54.70%
100,The issue size of the Yatharth Hospital & Trauma Care Services IPO is686.55 Cr.,686.55,The price band for Yatharth Hospital & Trauma Care Services IPO isRs 285 to Rs 300.,285,300,The shares of Yatharth Hospital & Trauma Care Services IPO will list on7th August 2023.,Hospital & Trauma Care Services,The latest tentativeGMPof Yatharth Hospital & Trauma Care Services IPO isRs 60.,60,The shares of Yatharth Hospital & Trauma Care Services IPO is subscribed37.28 Timesas of 28th July 2023.,37.28,300,285 - 300,686.55Cr.,Book Built,26/7/2023,28/7/2023,306,2.00%,7/8/2023,559.95,86.65%
101,The issue size of the Netweb Technologies India IPO is631 Cr.,631,The price band for Netweb Technologies India IPO isRs 475 to Rs 500.,475,500,The shares of Netweb Technologies India IPO will list on27th July 2023.,Technologies India,The latest tentativeGMPof Netweb Technologies India IPO isRs 400.,400,The shares of Netweb Technologies India IPO is subscribed90.55 Timesas of 19th July 2023.,90.55,500,475 - 500,631Cr.,Book Built,17/7/2023,19/7/2023,947,89.40%,27/7/2023,2682.35,436.47%
102,The issue size of the Utkarsh Small Finance Bank IPO is500 Cr.,500,The price band for Utkarsh Small Finance Bank IPO isRs 23 to Rs 25.,23,25,The shares of Utkarsh Small Finance Bank IPO will list on21st July 2023.,Small Finance Bank,The latest tentativeGMPof Utkarsh Small Finance Bank IPO isRs 15.,15,The shares of Utkarsh Small Finance Bank IPO is subscribed110.77 timesas of 14th July 2023.,110.77,25,23 - 25,500Cr.,Book Built,12/7/2023,14/7/2023,40,60.00%,21/7/2023,46.85,87.40%
103,The issue size of the IPO is405 Cr.,405,The price band for Senco Gold IPO isRs 301 to Rs 317.,301,317,The shares of Senco Gold IPO will list on14th July 2023.,,The latest tentativeGMPof Senco Gold IPO isRs 120.,120,The shares of Senco Gold IPO is subscribed77.25 timesas of 6th July 2023.,77.25,317,301 - 317,405Cr.,Book Built,4/7/2023,6/7/2023,430,35.65%,14/7/2023,1284.6,305.24%
104,The issue size of the IPO is592 Cr.,592,The price band for Cyient DLM Ltd IPO isRs 250 to Rs 265.,250,265,The shares of Cyient DLM Ltd IPO will list on10th July 2023.,,The latest tentativeGMPof Cyient DLM Ltd IPO isRs 115.,115,The shares of Cyient DLM Ltd IPO is subscribed71.35 Timesas of 30th June 2023.,71.35,265,250 - 265,592Cr.,Book Built,27/6/2023,30/6/2023,403,52.08%,10/7/2023,691.75,161.04%
105,The issue size of the IPO is567 Cr.,567,The price band for Ideaforge Technology IPO isRs 638 to Rs 672.,638,672,The shares of Ideaforge Technology IPO will list on7th July 2023.,,The latest tentativeGMPof Ideaforge Technology IPO isRs 550.,550,The shares of Ideaforge Technology IPO is subscribed106.06 Timesas of 30th June 2023.,106.06,672,638 - 672,567Cr.,Book Built,26/6/2023,30/6/2023,1300,93.45%,7/7/2023,707.35,5.26%
106,The issue size of the IPO is480 Cr.,480,The price band for HMA Agro Industries IPO isRs 555 to Rs 585.,555,585,The shares of HMA Agro Industries IPO will list on4rth July 2023.,,The latest tentativeGMPof HMA Agro Industries IPO isRs 25.,25,The shares of HMA Agro Industries IPO is subscribed1.62 Timesas of 23rd June 2023.,1.62,585,555 - 585,480Cr.,Book Built,20/6/2023,23/6/2023,625,6.84%,4/7/2023,48.99,-91.63%
107,The issue size of the IPO is607 Cr.,607,The price band for IKIO Lighting Ltd IPO isRs 270 to Rs 285.,270,285,The shares of IKIO Lighting Ltd IPO will list on16th June 2023.,,The latest tentativeGMPof IKIO Lighting Ltd IPO isRs 90.,90,The shares of IKIO Lighting Ltd is subscribed67.75 timesas of 8th June 2023.,67.75,285,270 - 285,607Cr.,Book Built,6/6/2023,8/6/2023,392.5,37.72%,16/6/2023,299.9,5.23%
108,The issue size of the IPO is4326.36 Cr.,4326.36,The price band for Mankind Pharma IPO isRs 1026 to Rs 1080.,1026,1080,The shares of Mankind Pharma IPO will list on9th May 2023.,Pharma IPO isRs,The latest tentativeGMPof Mankind Pharma IPO isRs 97.,97,The shares of Mankind Pharma IPO is subscribed15.32 Timesas of 27th April 2023.,15.32,1080,1026 - 1080,4326.36Cr.,Book Built,25/4/2023,27/4/2023,1300,20.37%,9/5/2023,2535.75,134.79%
109,The issue size of the IPO is865 Cr.,865,The price band for Avalon Technologies LtdIPO isRs 415 to Rs 436.,415,436,The shares of Avalon Technologies Ltd IPO will list on18th April 2023.,,NA,2023,"The shares of Avalon Technologies Ltd IPO is subscribed2.34 Timesas of 5:13 pm, 6th April 2023.",2.34,436,415 - 436,865Cr.,Book Built,3/4/2023,6/4/2023,436,0.00%,18/4/2023,581.75,33.43%
110,The issue size of the IPO is66 Cr.,66,The price band for Udayshivkumar Infra LtdIPO isRs 33 to Rs 35.,33,35,The shares of Udayshivkumar Infra Ltd IPO will list on3rd April 2023.,,The latest tentativeGMPof Udayshivkumar Infra Ltd IPO isRs 10.,10,The shares of Udayshivkumar Infra IPO is subscribed32.49 Timesas of 23rd March 2023.,32.49,35,33 - 35,66Cr.,Book Built,20/3/2023,23/3/2023,30,-14.29%,3/4/2023,58.75,67.86%
111,The issue size of the IPO is154.98 Cr.,154.98,The price band for Global SurfacesLtd. IPO isRs 133 to Rs 140.,133,140,The shares of Global SurfacesLtd. IPO will list on23rd March 2023.,SurfacesLtd. IPO isRs,The latest tentativeGMPof Global SurfacesLtd. IPO isRs 15.,15,The shares of Global SurfacesLtd. IPO is subscribed12.21 Timesas of 15th March 2023.,12.21,140,133 - 140,154.98Cr.,Book Built,13/3/2023,15/3/2023,164,17.14%,23/3/2023,216.61,54.72%
112,The issue size of the IPO is412.20 Cr.,412.12,The price band for Divgi Torqtransfer Systems Ltd. IPO isRs 560 to Rs 590.,560,590,The shares of Divgi Torqtransfer Systems Ltd. IPO will list on14th March 2023.,Torqtransfer Systems,The latest tentativeGMPof Divgi Torqtransfer Systems Ltd. IPO isRs 45.,45,The shares of Divgi Torqtransfer Systems Ltd. IPO is subscribed5.44 Timesas of 3rd March 2023.,5.44,590,560 - 590,412.12Cr.,Book Built,1/3/2023,3/3/2023,620,5.08%,14/3/2023,599.3,1.58%
113,The issue size of the IPO is66.30 Cr.,66.3,The price band for Sah Polymers IPO isRs 61 to Rs 65.,61,65,The shares of Sah Polymers IPO will list on12th January 2023.,Polymers IPO,The latest tentativeGMPof Sah Polymers IPO isRs 15.,15,The shares of Sah Polymers IPO is subscribed17.46 Timesas of 4rth January 2023.,17.46,65,61 - 65,66.3Cr.,Book Built,30/12/2022,4/1/2023,85,30.77%,12/1/2023,82.31,26.63%
114,The issue size of the IPO is387.94 Cr.,387.94,The price band for Radiant Cash Management IPO isRs 94 to Rs 99.,94,94,The shares of Radiant Cash Management IPO will list on4rth January 2023.,Cash Management IPO,The latest tentativeGMPof Radiant Cash Management IPO isRs 3.,3,The shares of Radiant Cash Management IPO is subscribed0.53 Timesas of 27th December 2022.,0.53,94,94 - 99,387.94Cr.,Book Built,23/12/2022,27/12/2022,103,9.57%,4/1/2023,80.18,-14.70%
115,The issue size of the IPO is475 Cr.,475,The price band for Elin Electronics IPO isRs 234 to Rs 247.,234,247,The shares of Elin Electronics IPO will list on30th December 2022.,,The latest tentativeGMPof Elin Electronics IPO isRs 0.,0,The shares of Elin Electronics IPO is subscribed3.09 Timesas of 22nd December 2022.,3.09,247,234 - 247,475Cr.,Book Built,20/12/2022,22/12/2022,244,-1.21%,30/12/2022,246.46,-0.22%
116,The issue size of the IPO is1500 Cr.,1500,The price band for Kfin Technologies IPO isRs 347 to Rs 366.,347,366,The shares of Kfin Technologies IPO will list on29th December 2022.,,The latest tentativeGMPof Kfin Technologies IPO isRs 0.,0,The shares of Kfin Technologies IPO is subscribed2.59 Timesas of 21st December 2022.,2.59,366,347 - 366,1500Cr.,Book Built,19/12/2022,21/12/2022,367,0.27%,29/12/2022,1054.45,188.10%
117,The issue size of the IPO is345.60 Cr.,345.6,The price band for Abans Holding Ltd IPO isRs 256to Rs 270.,256,270,The shares of Abans Holding Ltd IPO will list on23rd December 2022.,Holding Ltd IPO,The latest tentativeGMPof Abans Holding Ltd IPO isRs 5.,5,The shares of Abans Holding Ltd IPO is subscribed1.10 timesas of 15th December 2022.,1.1,270,256 - 270,345.6Cr.,Book Built,12/12/2022,15/12/2022,273,1.11%,23/12/2022,364.05,34.83%
118,The issue size of the IPO is552 Cr.,552,The price band for Landmark Cars IPO isRs 481 to Rs 506.,481,506,The latest tentativeGMPof Landmark Cars IPO isin negative.,,The shares of Landmark Cars IPO will list on23rd December 2022.,2022,The shares of Landmark Cars IPO is subscribed3.06 Timesas of 15th December 2022.,3.06,506,481 - 506,552Cr.,Book Built,13/12/2022,15/12/2022,471,-6.92%,23/12/2022,615.85,21.71%
119,The issue size of the IPO is960.35 Cr.,960.35,The price band for Sula Vineyards ltd IPO isRs 340 to Rs 357.,340,367,The shares of Sula Vineyards ltd IPO will list on22nd December 2022.,Vineyards ltd IPO,The latest tentativeGMPof Sula Vineyards ltd IPO isRs 10.,10,The shares of Sula Vineyards IPO is subscribed2.33 Timesas of 14th December 2022.,2.33,367,340 - 357,960.35Cr.,Book Built,12/12/2022,14/12/2022,361,-1.63%,22/12/2022,484.15,31.92%
120,The issue size of the IPO is835.61 Cr.,835.61,The price band for Uniparts India IPO isRs 548to Rs 577.,548,577,The shares of Uniparts India IPO will list on12th December 2022.,India IPO,The latest tentativeGMPof Uniparts India IPO isRs 60.,60,The shares of Uniparts India IPO is subscribed25.32 Timesas of 2nd December 2022.,25.32,577,548 - 577,835.61Cr.,Book Built,30/11/2022,2/12/2022,575,-0.35%,12/12/2022,485.85,-15.80%
121,The issue size of the IPO is251.15 Cr.,251.15,The price band for Dharmaj Crop Guard Ltd IPO isRs 216to Rs 237.,216,237,The shares of Dharmaj Crop Guard Ltd IPO will list on8th December 2022.,Crop Guard,The latest tentativeGMPof Dharmaj Crop Guard Ltd IPO isRs 55.,55,The shares of Dharmaj Crop Guard IPO is subscribed35.49 Timesas of 30th November 2022.,35.49,237,216 - 237,251.15Cr.,Book Built,28/11/2022,30/11/2022,266.05,12.26%,8/12/2022,329.55,39.05%
122,The issue size of the IPO is635 Cr.,635,The price band for Keystone Realtors Ltd IPO isRs514 to Rs 541.,514,541,The shares of Keystone Realtors Ltd IPO will list on24rth November 2022.,,The latest tentativeGMPof Keystone Realtors Ltd IPO isRs 5.,5,The shares of Keystone Realtors Ltd IPO is subscribed2.01 Timesas of 16th November 2022.,2.01,541,514 - 541,635Cr.,Book Built,14/11/2022,16/11/2022,555,2.59%,24/11/2022,725.1,34.03%
123,The issue size of the IPO is740 Cr.,740,The price band for Inox Green Energy ServicesIPO isRs 61 to Rs 65.,61,65,The shares of Inox Green Energy Services IPO will list on23rd November 2022.,,The latest tentativeGMPof Inox Green Energy Services IPO isRs 0.,0,The shares of Inox Green Energy Services IPO is subscribed1.55 Timesas of 15th November 2022.,1.55,65,61 - 65,740Cr.,Book Built,11/11/2022,15/11/2022,60,-7.69%,23/11/2022,212.77,227.34%
124,The issue size of the IPO is857.82 Cr.,857.82,The price band for Kaynes Technology India IPO isRs 559 to Rs 587.,559,587,The shares of Kaynes Technology India IPO will list on22nd November 2022.,Technology India IPO,The latest tentativeGMPof Kaynes Technology India IPO isRs 200.,200,The shares of Kaynes Technology India IPO is subscribed34.16 Timesas of 14th November 2022.,34.16,587,559 - 587,857.82Cr.,Book Built,10/11/2022,14/11/2022,778,32.54%,22/11/2022,5479.35,833.45%
125,The issue size of the IPO is1960.01 Cr.,1960.05,The price band for Five-Star Business Finance IPO isRs 450 to Rs 474.,450,474,The shares of Five-Star Business Finance IPO will list on21st November 2022.,Business Finance IPO,The latest tentativeGMPof Five-Star Business Finance IPO isRs -6.,6,The shares of Five-Star Business Finance IPO is subscribed0.70 Timesas of 11th November 2022.,0.7,474,450 - 474,1960.05Cr.,Book Built,9/11/2022,11/11/2022,468.8,-1.10%,21/11/2022,806.35,70.12%
126,The issue size of the IPO is1462.31 Cr.,1462.21,The price band for Archean Chemical Industries IPO isRs 386 to Rs 407.,386,407,The shares of Archean Chemical Industries IPO will list on21st November 2022.,Chemical Industries IPO,The latest tentativeGMPof Archean Chemical Industries IPO isRs 120.,120,The shares of Archean Chemical Industries IPO is subscribed32.23 Timesas of 11th November 2022.,32.23,407,386 - 407,1462.21Cr.,Book Built,9/11/2022,11/11/2022,450,10.57%,21/11/2022,695.65,70.92%
127,The issue size of the IPO is2205.57 Cr.,2205.57,The price band for Global Health Ltd IPO isRs 319 to Rs 336.,319,336,The shares of Global Health Ltd IPO will list on16th November 2022.,Health Ltd IPO,The latest tentativeGMPof Global Health Ltd IPO isRs 20.,20,The shares of Global Health Ltd IPO is subscribed9.58 Timesas of 7th November 2022.,9.58,336,319 - 336,2205.57Cr.,Book Built,3/11/2022,7/11/2022,401,19.35%,16/11/2022,1112.15,231.00%
128,The issue size of the IPO is881.22 Cr.,881.22,The price band for Bikaji Food International IPO isRs 285 to Rs 300.,285,300,The employees of the company will get a discount ofRs 15.,Food International IPO,The latest tentativeGMPof Bikaji Food International IPO isRs 20.,20,The shares of Bikaji Food International IPO is subscribed26.67 timesas of 7th November 2022.,26.67,300,285 - 300,881.22Cr.,Book Built,3/11/2022,7/11/2022,322.8,7.60%,16/11/2022,953.25,217.75%
129,The issue size of the IPO is1103.99 Cr.,1103.99,The price band for Fusion Micro Finance IPO isRs 350 to Rs 368.,350,368,The shares of Fusion Micro Finance IPO will list on15th November 2022.,Micro Finance IPO,The latest tentativeGMPof Fusion Micro Finance IPO isRs 5.,5,The shares of Fusion Micro Finance IPO is subscribed2.95 Timesas of 4rth November 2022.,2.95,368,350 - 368,1103.99Cr.,Book Built,2/11/2022,4/11/2022,359.5,-2.31%,15/11/2022,306.55,-16.70%
130,The issue size of the IPO is500 Cr.,500,The price band for DCX Systems IPO isRs 197 to Rs 207.,197,207,The shares of DCX Systems IPO will list on11th Nov 2022.,,The latest tentativeGMPof DCX Systems IPO isRs 75.,75,The shares ofDCX Systems India IPOhave been subscribed69.79 Timesas of 2nd November 2022.,69.79,207,197 - 207,500Cr.,Book Built,31/10/2022,2/11/2022,287,38.65%,11/11/2022,345.95,67.13%
131,The issue size of the IPO is309.38 Cr.,309.38,The price band for Tracxn Technologies IPO isRs 75 to Rs 80.,75,80,The shares of Tracxn Technologies IPO will list on20th Oct 2022.,Technologies IPO isRs,The latest tentativeGMPof Tracxn Technologies IPO isRs -4.,4,The shares of Tracxn Technologies IPO is subscribed2.01 Timesas of 12th October 2022.,2.01,80,75 - 80,309.38Cr.,Book Built,10/10/2022,12/10/2022,84.5,5.62%,20/10/2022,92.55,15.69%
132,The issue size of the IPO is500 Cr.,500,The price band for Electronics Mart India IPO isRs 56 to Rs 59.,56,59,The shares of Electronics Mart India IPO will list on17th Oct 2022.,,The latest tentativeGMPof Electronics Mart India IPO isRs 35.,35,The shares of Electronics Mart India IPO is subscribed75.78 Timesas of 7th October 2022.,75.78,59,56 - 59,500Cr.,Book Built,4/10/2022,7/10/2022,90,52.54%,17/10/2022,209.48,255.05%
133,The issue size of the IPO is755 Cr.,755,The price band for Harsha Engineers International IPO isRs 314 to Rs 330.,314,330,The shares of Harsha Engineers International IPO will list on26th September 2022.,,The latest tentativeGMPof Harsha Engineers International IPO isRs 240.,240,The shares of Harsha Engineers International IPO is subscribed74.70 Times.,74.7,330,314 - 330,755Cr.,Book Built,14/9/2022,16/9/2022,450,36.36%,26/9/2022,506.85,53.59%
134,The issue size of the IPO is831.6 Cr.,831.6,The price band for Tamilnad Mercantile Bank IPO isRs 500 to Rs 525.,500,510,The shares of Tamilnad Mercantile Bank IPO will list on15th Sept 2022.,Mercantile Bank IPO,The latest tentativeGMPof Tamilnad Mercantile Bank IPO isRs 15.,15,The shares of Tamilnad Mercantile Bank IPO is subscribed2.86 Timesin total.,2.86,510,500 - 525,831.6Cr.,Book Built,5/9/2022,7/9/2022,495,-2.94%,15/9/2022,480.85,-5.72%
135,The issue size of the IPO is562.10 Cr.,562.1,The price band for Dreamfolks Services IPO isRs 308 to Rs 326.,308,326,The shares of Dreamfolks Services IPO will list on6th Sept 2022.,Services IPO isRs,The latest tentativeGMPof Dreamfolks Services IPO isRs 105.,105,,NA,326,308 - 326,562.1Cr.,Book Built,24/8/2022,26/8/2022,508.7,56.04%,6/9/2022,501.2,53.74%
136,The issue size of the IPO is840.13 Cr.,840.13,The price band forSyrma SGS Technology IPO isRs 209 to Rs 220.,209,220,The shares of Syrma SGS Technology IPO will list on26th August 2022.,SGS Technology IPO,The latest tentativeGMPof Syrma SGS Technology IPO isRs 65.,65,The shares of the company are subscribed32.61 timesin total.,32.61,220,209 - 220,840.13Cr.,Book Built,12/8/2022,18/8/2022,260,18.18%,26/8/2022,443.05,101.39%
137,The issue size of the IPO is808.4 Cr.,808.4,The price band forAether IndustriesIPO isRs 610 - 642.,610,642,The shares of Aether Industries IPO will list on3rd June 2022.,Industries,The latest tentativeGMPof Aether Industries IPO isRs 10.,10,The shares of Aether Industries IPO is subscribed6.26 Timesas of 26th May 2022.,6.26,642,610 - 642,808.4Cr.,Book Built,24/5/2022,26/5/2022,704,9.66%,3/6/2022,969.65,51.04%
138,The issue size of the IPO is412.79 Cr.,412.79,The price band foreMudhraIPO isRs 243 - 256.,243,256,The shares of eMudhra IPO will list on1st June 2022.,eMudhra,The latest tentativeGMPof eMudhra IPO isRs 10.,10,The shares of eMudhra IPO is subscribed2.72 Timesas of 24rth May 2022.,2.72,256,243 - 256,412.79Cr.,Book Built,20/5/2022,24/5/2022,270,5.47%,1/6/2022,855.5,234.18%
139,The issue size of the IPO is472.29 Cr.,472.29,The price band for Ethos IPO isRs 836 to Rs 878.,836,878,The shares of Ethos IPO will list on30th May 2022.,Ethos,The latest tentativeGMPof Ethos IPO isRs 10.,10,The shares of Ethos Ltd IPO has been subscribed1.04 Timesas of 20th May 2022.,1.04,878,836 - 878,472.29Cr.,Book Built,18/5/2022,20/5/2022,825,-6.04%,30/5/2022,3289.7,274.68%
140,The issue size of the IPO is1501.73 Cr.,1501.73,The price band for Paradeep Phosphates IPO isRs 39 - 42.,39,42,The shares of Paradeep Phosphates IPO will list on27th May 2022.,Paradeep Phosphates IPO isRs,The latest tentativeGMPof Paradeep Phosphates IPO isRs 3.,3,"The shares of Paradeep Phosphates have been subscribed0.63 timesas of 12:38 PM, 19th May 2022.",0.63,42,39 - 42,1501.73Cr.,Book Built,17/5/2022,19/5/2022,44,4.76%,27/5/2022,82.51,96.45%
141,The issue size of the IPO is5235 Cr.,5235,The price band for Delhivery IPO isRs 462 - 487.,462,487,The shares of Delhivery IPO will list on24rth May 2022.,,The latest tentativeGMPof Delhivery IPO isRs 4.,4,The Shares of Delhivery IPO have been subscribed1.63 Timesas of  13th May 2022.,1.63,487,462 - 487,5235Cr.,Book Built,11/5/2022,13/5/2022,495.2,1.68%,24/5/2022,431.85,-11.32%
142,The issue size of the IPO is165.42 Cr.,165.42,The price band for Venus Pipes & Tubes IPO isRs 310 - 326.,310,326,The shares of Venus Pipes and tubes IPO will list on24rth May 2022.,Venus Pipes,The latest tentativeGMPof Venus Pipes and tubes IPO isRs 25.,25,The Shares of Venus Pipes & Tubes have been subscribed16.31 Timesas of 13th May 2022.,16.31,326,310 - 326,165.42Cr.,Book Built,11/5/2022,13/5/2022,337.5,3.53%,24/5/2022,2229.9,584.02%
143,The issue size of the IPO is538.61 Cr.,538.61,The price band for Prudent Corporate Advisory Services IPO isRs 595 - 630.,595,630,The shares of Prudent Corporate Advisory Services IPO will list on20th May 2022.,Corporate Advisory,The latest tentativeGMPof Prudent Corporate Advisory Services IPO isRs 35.,35,The IPO of Prudent Corporate Advisory Services is subscribed1.22Timesas of 12th May 2022.,1.22,630,595 - 630,538.61Cr.,Book Built,10/5/2022,12/5/2022,650,3.17%,20/5/2022,2316.75,267.74%
144,The issue size of the IPO is21008.48 Cr.,21008.48,The price band for LIC IPO is Rs902 - 949.,902,949,2.21Crshares are reserved for Policyholders of LIC.,LIC IPO,1.58Crshares are reserved for Employees of LIC.,NA,The shares of LIC IPO will list on17th May 2022.,NA,949,902 - 949,21008.48Cr.,Book Built,4/5/2022,9/5/2022,872,-8.11%,17/5/2022,1010.35,6.46%
145,The issue size of the IPO is1580.85 Cr.,1580.85,The price band ranges fromRs 516to Rs 542.,516,542,The shares of Rainbow Children's Medicare will list on10th May 2022.,Rainbow Children's Medicare,The latest tentativeGMPof Rainbow Children's Medicare IPO isRs 40.,40,The shares of Rainbow Children's Medicare IPO are subscribed12.43 Timesas of 29th April 2022.,12.43,542,516 - 542,1580.85Cr.,Book Built,27/4/2022,29/4/2022,510,-5.90%,10/5/2022,1379.4,154.50%
146,The issue size of the IPO is1400 Cr.,1400,The price band ranges fromRs 278to Rs 292.,278,292,The shares of Campus Activewear will list on9th May 2022.,,The latest tentativeGMPof Campus Activewear IPO isRs 95.,95,"The issue is subscribed51.75 Timesas of, 28th April 2022.",51.75,292,278 - 292,1400Cr.,Book Built,26/4/2022,28/4/2022,360,23.29%,9/5/2022,357.45,22.41%
147,The issue size of the IPO is130.05 Cr.,130.05,The price band ranges fromRs 144to Rs 153.,144,153,The shares of Hariom Pipe Industries will list on13th April 2022.,Hariom Pipe Industries,The latest tentativeGMPof Hariom Pipe Industries IPO isRs _.,NA,The shares of Hariom Pipe Industries have been subscribed7.93 timesas of 5th April 2022.,7.93,153,144 - 153,130.05Cr.,Book Built,30/3/2022,5/4/2022,220,43.79%,13/4/2022,764.4,399.61%
148,The issue size of the IPO is200 Cr.,200,The price band ranges fromRs 130to Rs 137.,130,137,The shares of Veranda Learning Solutions Ltd will list on7th April 2022.,,The latest tentativeGMPof Veranda Learning Solutions IPO isRs _.,NA,The shares of Veranda Learning Solutions IPO is subscribed3.53 Timesas of 31st March 2022.,3.53,137,130 - 137,200Cr.,Book Built,29/3/2022,31/3/2022,125,-8.76%,11/4/2022,325.8,137.81%
149,The issue size of the IPO is60 Cr.,60,The price band ranges fromRs 65to Rs 68.,65,68,The shares of Uma Exports Ltd will list on7th April 2022.,,The latest tentativeGMPof Uma Exports Ltd IPO isRs _.,NA,The shares of Uma Exports have been subscribed7.67 timesas of 30th March 2022.,7.67,68,65 - 68,60Cr.,Book Built,28/3/2022,30/3/2022,76,11.76%,7/4/2022,133.23,95.93%
150,The issue size of the IPO is3149.19 Cr.,3149.19,The price band ranges fromRs 824to Rs 866.,824,866,The shares of Vedant Fashion ltd will list on16th February 2022.,Vedant Fashion,The latest tentativeGMPof Vedant Fashion IPO isRs 40.,40,The shares of Vedant Fashion IPO is subscribed2.57 Timesas of 8th February 2022.,2.57,866,824 - 866,3149.19Cr.,Book Built,4/2/2022,8/2/2022,935,7.97%,16/2/2022,1292.3,49.23%
151,The issue size of the IPO is3600 Cr.,3600,The price band ranges fromRs 218to Rs 230.,218,230,The shares of Adani Wilmar ltd will list on8th February 2022.,,The latest tentativeGMPof Adani Wilmar IPO isRs 30.,30,The shares of Adani Wilmar IPO is subscribed17.37 Timesas of 31st January 2022.,17.37,230,218 - 230,3600Cr.,Book Built,27/1/2022,31/1/2022,227,-1.30%,8/2/2022,346.2,50.52%
152,The issue size of the IPO is680 Cr.,680,The price band ranges fromRs 166to Rs 175.,166,175,The shares of AGS Transact Technologies ltd will list on1st February 2022.,,The latest tentativeGMPof AGS Transact Technologies IPO isRs 15.,15,The shares of AGS Transact Technologies IPO is subscribed7.79 Times.,7.79,175,166 - 175,680Cr.,Book Built,19/1/2022,21/1/2022,175,0.00%,31/1/2022,104.57,-40.25%
153,The issue size of the IPO is1100 Cr.,1100,The price band ranges fromRs 205to Rs 216.,205,216,The shares of CMS Info Systems ltd will list on31st December 2021.,,The latest tentativeGMPof CMS Info Systems IPO isRs 35.,35,The shares of CMS Info Systems IPO is subscribed1.95 Timesas of 23rd December 2021.,1.95,216,205 - 216,1100Cr.,Book Built,21/12/2021,23/12/2021,220.2,1.94%,31/12/2021,577,167.13%
154,The issue size of the IPO is700 Cr.,700,The price band ranges fromRs 265to Rs 274.,265,274,The shares of Supriya LifeSciences ltd will list on28th December 2021.,,The latest tentativeGMPof Supriya LifeSciences IPO isRs 150.,150,The shares of Supriya LifeSciences is subscribed71.51 Timesas of 20th December 2021.,71.51,274,265 - 274,700Cr.,Book Built,16/12/2021,20/12/2021,421,53.65%,28/12/2021,631.05,130.31%
155,The issue size of the IPO is125.96 Cr.,125.96,The price band ranges fromRs 262to Rs 274.,262,274,The shares of HP Adhesiveltd will list on27th December 2021.,HP Adesiveltd,The latest tentativeGMPof HP Adhesive IPO isRs _.,NA,The shares of HP Adhesive is subscribed20.96 Timesas of 17th December 2021.,20.96,274,262 - 274,125.96Cr.,Book Built,15/12/2021,17/12/2021,315,14.96%,27/12/2021,95.12,-65.28%
156,The issue size of the IPO is125.96 Cr.,588.22,The price band ranges fromRs 555to Rs 585.,555,586,The shares of Data Patterns Indialtd will list on27th December 2021.,Data Patterns,The latest tentativeGMPof Data Patterns India IPO isRs 550.,550,The shares of Data Patterns India is subscribed119.62Timesas of 16th December 2021.,119.62,586,555 - 585,588.22Cr.,Book Built,14/12/2021,16/12/2021,856.05,46.08%,24/12/2021,2530.3,331.79%
157,The issue size of the IPO is1398.30 Cr.,1398.3,The price band ranges fromRs 780to Rs 796.,780,796,The shares of Medplus Health Services ltd will list on23rd December 2021.,MedPlus,The latest tentativeGMPof Medplus Health Services IPO isRs 210.,210,The shares of Medplus Health Services IPO is subscribed52.59 Timesas of 15th December 2021.,52.59,796,780 - 796,1398.3Cr.,Book Built,13/12/2021,15/12/2021,1040,30.65%,23/12/2021,667.6,-16.13%
158,The issue size of the IPO is1367.5 Cr.,1367.5,The price band ranges fromRs 485to Rs 500.,485,500,The shares of Metro Brands ltd will list on22nd December 2021.,Metro Brands,The latest tentativeGMPof Metro Brands IPO isRs 20.,20,The share ofMetro Brands IPOis subscribed3.64 Timesas of 14th December 2021.,3.64,500,485 - 500,1367.5Cr.,Book Built,10/12/2021,14/12/2021,437,-12.60%,22/12/2021,1246.55,149.31%
159,The issue size of the IPO is1039.61 Cr.,1039.61,The price band ranges fromRs 1000 to Rs 1033.,1000,1033,"The shares of CE Infosystems, commonly known as MapmyIndia will list on21st December 2021.",CE Infosystem,"The latest tentativeGMPof CE Infosystems, commonly known as MapmyIndia IPO isRs 1050.",1050,The shares of MapmyIndia IPO or CE Infosystems IPO is subscribed154.71 Timesas of 13th December 2021.,154.71,1033,1000 - 1033,1039.61Cr.,Book Built,9/12/2021,13/12/2021,1565,51.50%,21/12/2021,2069.8,100.37%
160,The issue size of the IPO is600 Cr.,600,The price band ranges fromRs 113to Rs 118.,113,118,The shares of Shriram Properties IPO will list on20th December 2021.,,The latest tentativeGMPof Shriram Properties IPO isRs 10.,10,The shares ofShriram Properties IPOis subscribed4.60 Timesas of 10th December 2021.,4.6,118,113 - 118,600Cr.,Book Built,8/12/2021,10/12/2021,90,-23.73%,20/12/2021,132.45,12.25%
161,The issue size of the IPO is1335.74 Cr.,1335.74,The price band ranges fromRs 405to Rs 425.,405,425,The shares of Rategain Travel Technologies ltd will list on17th December 2021.,Rategain Travel,The latest tentativeGMPof Rategain Travel Technologies IPO isRs 45.,45,Rategain Travel Technologies IPO is subscribed17.41 Timesas of 9th December 2021.,17.41,425,405 - 425,1335.74Cr.,Book Built,7/12/2021,9/12/2021,360,-15.29%,17/12/2021,755.15,77.68%
162,The issue size of the IPO is660 Cr.,660,The price band ranges fromRs 530to Rs 550.,530,550,The shares of Anand Rathi Wealth ltd will list on14th December 2021.,,The latest tentativeGMPof Anand Rathi Wealth ltd IPO isRs 25.,25,Anand Rathi Wealth IPO is subscribed9.78 Timesas of 6th December 2021.,9.78,550,530 - 550,660Cr.,Book Built,2/12/2021,6/12/2021,600,9.09%,14/12/2021,3899.5,609.00%
163,The issue size of the IPO is619.23 Cr.,619.23,The price band ranges fromRs 443to Rs 453.,443,453,The shares of Tega Industries will list on13th December 2021.,Tega Industries,The latest tentativeGMPof Tega Industries IPO isRs 350.,350,Tega Industries IPO is subscribed219.04 Timesas of 3rd December 2021.,219.04,453,443 - 453,619.23Cr.,Book Built,1/12/2021,3/12/2021,760,67.77%,13/12/2021,1860.55,310.72%
164,The issue size of the IPO is7249.18 Cr.,7249.18,The price band ranges fromRs 870to Rs 900.,870,900,The shares of Star Health will list on10th December 2021.,Star Health,The latest tentativeGMPof Star Health IPO isRs -.,NA,Star Health and Allied Insurance Company IPO is subscribed0.79 Timesas of 2nd December 2021.,0.79,900,870 - 900,7249.18Cr.,Book Built,30/11/2021,2/12/2021,845,-6.11%,10/12/2021,618.6,-31.27%
165,The issue size of the IPO is1013.6 Cr.,1013.6,The price band ranges fromRs 655to Rs 690.,655,690,The shares of Go Fashion will list on30th November 2021.,Go Fashion,The latest tentativeGMPof Go Fashion IPO isRs 500.,500,"Go Fashion IPO is subscribed93.66 Timesas of 3 pm, 22nd November 2021.",93.66,690,655 - 690,1013.6Cr.,Book Built,17/11/2021,22/11/2021,1310,89.86%,30/11/2021,1297.45,88.04%
166,The issue size of the IPO is1023.47 Cr.,1023.47,The price band ranges fromRs 635to Rs 662.,635,662,The shares of Tarsons Product will list on26th November 2021.,Tarson Product,The latest tentativeGMPof Tarsons Product IPO isRs 160.,160,Tarsons Product IPO is subscribed77.49 Timesas of 17th November 2021.,77.49,662,635 - 662,1023.47Cr.,Book Built,15/11/2021,17/11/2021,682,3.02%,26/11/2021,479.55,-27.56%
167,The issue size of the IPO is600 Cr.,600,The price band ranges fromRs 190to Rs 197.,190,197,The shares of Latent View Analytics will list on23rd November 2021.,,The latest tentativeGMPof Latent View IPO isRs 320.,320,Latent View Analytics IPO is subscribed326.49 Timesas of 12th November 2021.,326.49,197,190 - 197,600Cr.,Book Built,10/11/2021,12/11/2021,512.2,160.00%,23/11/2021,477.45,142.36%
168,"The issue size of the IPO is18,300 Cr.",18300,The price band ranges fromRs 2080 to Rs 2150.,2080,2150,The shares of Paytm will list on18th November 2021.,Paytm,The latest tentativeGMPof Paytm IPO isRs 30.,30,Paytm IPO is subscribed1.89 Timesas of 10th November 2021.,1.89,2150,2080 - 2150,18300Cr.,Book Built,8/11/2021,10/11/2021,1950,-9.30%,18/11/2021,664.1,-69.11%
169,The issue size of the IPO is2073.25 Cr.,2073.25,The price band ranges fromRs 1120 to Rs 1180.,1120,1180,The shares of Sapphire foods will list on18th November 2021.,Sapphire,The latest tentativeGMPof Sapphire Foods IPO isRs 85.,85,Sapphire Foods IPO is subscribed6.62 Timesin total.,6.62,1180,1120 - 1180,2073.25Cr.,Book Built,9/11/2021,11/11/2021,1350,14.41%,18/11/2021,347.15,-70.58%
170,The issue size of the IPO is800 Cr.,800,The price band ranges fromRs 531 to Rs 542.,531,542,The shares of SJS Enterprises will list on 15th November.,,The latest tentativeGMPof SJS Enterprise IPO isRs 70.,70,SJS Enterprise IPOis subscribed1.59times as of 3rd November.,1.59,542,531 - 542,800Cr.,Book Built,1/11/2021,3/11/2021,542,0.00%,15/11/2021,1004.45,85.32%
171,The issue size of the IPO is5708.64 Cr.,5708.64,The price band ranges fromRs 940 to Rs 980.,940,980,The shares of Policybazar will list on15th November 2021.,Policybazar,The latest tentativeGMPof Policybazaar IPO isRs 140.,140,Policybazar IPOis subscribed16.59times as of 3rd November.,16.59,980,940 - 980,5708.64Cr.,Book Built,1/11/2021,3/11/2021,1150,17.35%,15/11/2021,1931.45,97.09%
172,The issue size of the IPO is125.43 Cr.,125.43,The price band ranges fromRs 161 to Rs 163.,161,164,The shares will list on15th November 2021.,IPO,The latest tentativeGMPof Sigachi Industries IPO isRs 235.,235,Sigachi Industries IPOis subscribed101.91times as of 3rd November.,101.91,164,161 - 163,125.43Cr.,Book Built,1/11/2021,3/11/2021,570,247.56%,15/11/2021,58.43,-64.37%
173,The issue size of the IPO is1200.29 Cr.,1200.29,The price band ranges fromRs 560 to Rs 577.,560,577,Fino Payment Bank IPOis subscribed2.03times as of 2nd November.,Fino Payments,,,,NA,577,560 - 577,1200.29Cr.,Book Built,29/10/2021,2/11/2021,544.35,-5.66%,12/11/2021,398.65,-30.91%
174,The issue size of the IPO is5352 Cr.,5352,The price band ranges fromRs 1085 to Rs 1125.,1085,1125,The shares will list on10th November 2021.,,The latest tentativeGMPof Nykaa IPO isRs 750.,750,Nykaa IPO is subscribed81.78 timesas of 1st November 2021.,81.78,1125,1085 - 1125,5352Cr.,Book Built,28/10/2021,1/11/2021,2018,79.38%,10/11/2021,199.33,-82.28%
175,The issue size of the IPO is27680.26 Cr.,2768.26,The price band ranges fromRs 695 to Rs 712.,695,712,The issue is to open on29th September 2021.,IPO,The latest tentativeGMPof Aditya Birla Sun Life AMC IPO is Rs 10.,10,The shares of Aditya Birla Sun Life AMC IPO is subscribed5.25 timesin total.,5.25,712,695 - 712,2768.26Cr.,Book Built,29/9/2021,1/10/2021,715,0.42%,11/10/2021,761.2,6.91%
176,The issue size of the IPO is170.78 Cr.,170.78,The price band ranges fromRs 165 to Rs 175.,165,175,The issue is to open on21st September 2021.,IPO,The latest tentativeGMPof Paras defence and space technologies IPO is Rs 225.,225,The shares of Paras defence and space technologies IPO is subscribed304.26 timesin total.,304.26,175,165 - 175,170.78Cr.,Book Built,21/9/2021,23/9/2021,469,168.00%,1/10/2021,1124.7,542.69%
177,The issue size of the IPO is1282.98 Cr.,1282.98,The price band ranges fromRs 734 to Rs 744.,734,744,Employee discountof Rs 36.,IPO,The latest tentativeGMPof Sansera Engineering is Rs 70.,70,The shares of Sansera Engineering IPO is subscribed11.47 timesin total.,11.47,744,734 - 744,1282.98Cr.,Book Built,14/9/2021,16/9/2021,811.5,9.07%,24/9/2021,1666.75,124.03%
178,The issue size of the IPO is569.64 Cr.,569.64,The price band ranges fromRs 603 to Rs 610.,603,610,The issue is to open on1st September 2021.,IPO,The shares of Ami Organics got listed at Rs 910 with alisting gainof 49.18%.,910,The shares of Ami Organics IPOis subscribed65.54 timesin total.,65.54,610,603 - 610,569.64Cr.,Book Built,1/9/2021,3/9/2021,910,49.18%,14/9/2021,1631.3,167.43%
179,The issue size of the IPO is1895.04 Cr.,1895.04,The price band ranges fromRs 522 to Rs 531.,522,531,Employee discountof Rs 52.,IPO,The shares will list on14th September 2021.,NA,The shares of Vijaya Diagnostic IPO is subscribed4.54 timesin total.,4.54,531,522 - 531,1895.04Cr.,Book Built,1/9/2021,3/9/2021,540,1.69%,14/9/2021,896.75,68.88%
180,,,,,,,,,,,,353,346 - 353,2780.05Cr.,Book Built,10/8/2021,12/8/2021,333,-5.67%,24/8/2021,361.2,2.32%
181,,,,,,,,,,,,541,530 - 541,3850Cr.,Book Built,10/8/2021,12/8/2021,550,1.66%,24/8/2021,516.8,-4.47%
182,,,,,,,,,,,,570,560 - 570,5000Cr.,Book Built,9/8/2021,11/8/2021,485,-14.91%,23/8/2021,362.4,-36.42%
183,,,,,,,,,,,,1618,1585 - 1618,2998.51Cr.,Book Built,9/8/2021,11/8/2021,1599.8,-1.12%,20/8/2021,995.15,-38.50%
184,,,,,,,,,,,,120,118 - 120,161.09Cr.,Book Built,4/8/2021,6/8/2021,126,5.00%,16/8/2021,81.2,-32.33%
185,,,,,,,,,,,,460,448 - 460,401.53Cr.,Book Built,4/8/2021,6/8/2021,437,-5.00%,16/8/2021,879.45,91.18%
186,,,,,,,,,,,,90,86 - 90,1838Cr.,Book Built,4/8/2021,6/8/2021,140.9,56.56%,16/8/2021,209.88,133.20%
187,,,,,,,,,,,,954,933- 954,1213.3Cr.,Book Built,4/8/2021,6/8/2021,1005.55,5.40%,16/8/2021,871.05,-8.69%
188,,,,,,,,,,,,900,880 - 900,731Cr.,Book Built,28/7/2021,30/7/2021,1250,38.89%,9/8/2021,2448.2,172.02%
189,,,,,,,,,,,,720,695 - 720,1513.6Cr.,Book Built,27/7/2021,29/7/2021,750,4.17%,6/8/2021,1151.85,59.98%
190,,,,,,,,,,,,1083,1073 - 1083,500Cr.,Book Built,16/7/2021,20/7/2021,2111.85,95.00%,29/7/2021,987.15,-8.85%
191,,,,,,,,,,,,76,72 - 76,9375Cr.,Book Built,14/7/2021,16/7/2021,116,52.63%,23/7/2021,290.5,282.24%
192,,,,,,,,,,,,837,828 - 837,963.28Cr.,Book Built,7/7/2021,9/7/2021,1715.85,105.00%,19/7/2021,1669.4,99.45%
193,,,,,,,,,,,,900,880 - 900,1546.62Cr.,Book Built,7/7/2021,9/7/2021,1755,95.00%,19/7/2021,1548.1,72.01%
194,,,,,,,,,,,,296,290 - 296,800Cr.,Book Built,23/6/2021,25/6/2021,350,18.24%,5/7/2021,210.81,-28.78%
195,,,,,,,,,,,,428,421 - 428,520.18Cr.,Book Built,16/6/2021,18/6/2021,550,28.50%,28/6/2021,1207.55,182.14%
196,,,,,,,,,,,,825,815 - 825,2143Cr.,Book Built,16/6/2021,18/6/2021,1008.9,22.29%,28/6/2021,546.9,-33.71%
197,,,,,,,,,,,,291,285 - 291,5550Cr.,Book Built,14/6/2021,16/6/2021,301,3.44%,24/6/2021,748.35,157.16%
198,,,,,,,,,,,,306,303 - 306,909Cr.,Book Built,14/6/2021,16/6/2021,367,19.93%,24/6/2021,920.15,200.70%
199,,,,,,,,,,,,486,483 - 486,2500Cr.,Book Built,7/4/2021,9/4/2021,439,-9.67%,19/4/2021,1395.85,187.21%
200,,,,,,,,,,,,500,498 - 500,452.87Cr.,Book Built,24/3/2021,26/3/2021,492,-1.60%,7/4/2021,630.1,26.02%
201,,,,,,,,,,,,1101,1100 - 1101,546.7Cr.,Book Built,17/3/2021,19/3/2021,1971,79.02%,30/3/2021,1036.6,-5.85%
202,,,,,,,,,,,,87,86 - 87,1175Cr.,Book Built,16/3/2021,18/3/2021,73.9,-15.06%,26/3/2021,730.5,739.66%
203,,,,,,,,,,,,305,303 -305,582.34Cr.,Book Built,17/3/2021,19/3/2021,293,-3.93%,26/3/2021,185.63,-39.14%
204,,,,,,,,,,,,1490,1488 - 1490,823.7Cr.,Book Built,15/3/2021,17/3/2021,1350,-9.40%,25/3/2021,6377.95,328.05%
205,,,,,,,,,,,,130,129 - 130,600Cr.,Book Built,15/3/2021,17/3/2021,156.2,20.15%,25/3/2021,288.9,122.23%
206,,,,,,,,,,,,555,553 - 555,760Cr.,Book Built,12/3/2021,16/3/2021,534.7,-3.66%,24/3/2021,747.9,34.76%
207,,,,,,,,,,,,187,186 - 187,510Cr.,Book Built,8/3/2021,10/3/2021,206,10.16%,19/3/2021,41.64,-77.73%
208,,,,,,,,,,,,575,574 - 575,596.41Cr.,Book Built,3/3/2021,5/3/2021,1063.9,85.03%,15/3/2021,1739.9,202.59%
209,,,,,,,,,,,,627,Rs 626 - Rs 627,625.25Cr.,Book Built,23/2/2021,25/2/2021,900,43.54%,5/3/2021,491.35,-21.63%
210,,,,,,,,,,,,94,Rs 93 - Rs 94,819.24Cr.,Book Built,16/2/2021,18/2/2021,104.6,11.28%,26/2/2021,477.6,408.09%
211,,,,,,,,,,,,400,Rs 396 - Rs 400,100Cr.,Book Built,15/2/2021,17/2/2021,615,53.75%,25/2/2021,370.35,-7.41%
212,,,,,,,,,,,,385,Rs 384 - Rs 385,412.63Cr.,Book Built,25/1/2021,28/1/2021,498,29.35%,5/2/2021,933.3,142.42%
213,,,,,,,,,,,,518,Rs 517 - Rs 518,1153.72Cr.,Book Built,21/1/2021,25/1/2021,618.8,19.46%,3/2/2021,1268.5,144.88%
214,,,,,,,,,,,,1490,Rs 1488 - Rs 1490,1176Cr.,Book Built,20/1/2021,22/1/2021,2607.5,75.00%,2/2/2021,1481.3,-0.58%
215,,,,,,,,,,,,26,Rs 25 - Rs 26,4633Cr.,Book Built,18/1/2021,20/1/2021,25,-3.85%,29/1/2021,161.43,520.88%
